2025-06-25 18:49:23,498 - root - INFO - Generated URL: https://www.welcometothejungle.com/fr/jobs?query=data%20architect&page=1&aroundQuery=worldwide
2025-06-25 18:49:26,670 - root - ERROR - Error while processing the base URL: BrowserType.launch: Target page, context or browser has been closed
Browser logs:

╔════════════════════════════════════════════════════════════════════════════════════════════════╗
║ Looks like you launched a headed browser without having a XServer running.                     ║
║ Set either 'headless: true' or use 'xvfb-run <your-playwright-app>' before running Playwright. ║
║                                                                                                ║
║ <3 Playwright Team                                                                             ║
╚════════════════════════════════════════════════════════════════════════════════════════════════╝
Call log:
  - <launching> /home/ubuntu/.cache/ms-playwright/chromium-1169/chrome-linux/chrome --disable-field-trial-config --disable-background-networking --disable-background-timer-throttling --disable-backgrounding-occluded-windows --disable-back-forward-cache --disable-breakpad --disable-client-side-phishing-detection --disable-component-extensions-with-background-pages --disable-component-update --no-default-browser-check --disable-default-apps --disable-dev-shm-usage --disable-extensions --disable-features=AcceptCHFrame,AutoExpandDetailsElement,AvoidUnnecessaryBeforeUnloadCheckSync,CertificateTransparencyComponentUpdater,DeferRendererTasksAfterInput,DestroyProfileOnBrowserClose,DialMediaRouteProvider,ExtensionManifestV2Disabled,GlobalMediaControls,HttpsUpgrades,ImprovedCookieControls,LazyFrameLoading,LensOverlay,MediaRouter,PaintHolding,ThirdPartyStoragePartitioning,Translate --allow-pre-commit-input --disable-hang-monitor --disable-ipc-flooding-protection --disable-popup-blocking --disable-prompt-on-repost --disable-renderer-backgrounding --force-color-profile=srgb --metrics-recording-only --no-first-run --enable-automation --password-store=basic --use-mock-keychain --no-service-autorun --export-tagged-pdf --disable-search-engine-choice-screen --unsafely-disable-devtools-self-xss-warnings --no-sandbox --user-data-dir=/tmp/playwright_chromiumdev_profile-q0bPSU --remote-debugging-pipe --no-startup-window
  - <launched> pid=1572880
  - [pid=1572880][err] [1572880:1572880:0625/184926.522140:ERROR:ui/ozone/platform/x11/ozone_platform_x11.cc:249] Missing X server or $DISPLAY
  - [pid=1572880][err] [1572880:1572880:0625/184926.528145:ERROR:ui/aura/env.cc:257] The platform failed to initialize.  Exiting.

2025-06-25 18:49:26,670 - root - INFO - Retrying... Attempt 1 of 2
2025-06-25 18:49:27,309 - root - ERROR - Error while processing the base URL: BrowserType.launch: Target page, context or browser has been closed
Browser logs:

╔════════════════════════════════════════════════════════════════════════════════════════════════╗
║ Looks like you launched a headed browser without having a XServer running.                     ║
║ Set either 'headless: true' or use 'xvfb-run <your-playwright-app>' before running Playwright. ║
║                                                                                                ║
║ <3 Playwright Team                                                                             ║
╚════════════════════════════════════════════════════════════════════════════════════════════════╝
Call log:
  - <launching> /home/ubuntu/.cache/ms-playwright/chromium-1169/chrome-linux/chrome --disable-field-trial-config --disable-background-networking --disable-background-timer-throttling --disable-backgrounding-occluded-windows --disable-back-forward-cache --disable-breakpad --disable-client-side-phishing-detection --disable-component-extensions-with-background-pages --disable-component-update --no-default-browser-check --disable-default-apps --disable-dev-shm-usage --disable-extensions --disable-features=AcceptCHFrame,AutoExpandDetailsElement,AvoidUnnecessaryBeforeUnloadCheckSync,CertificateTransparencyComponentUpdater,DeferRendererTasksAfterInput,DestroyProfileOnBrowserClose,DialMediaRouteProvider,ExtensionManifestV2Disabled,GlobalMediaControls,HttpsUpgrades,ImprovedCookieControls,LazyFrameLoading,LensOverlay,MediaRouter,PaintHolding,ThirdPartyStoragePartitioning,Translate --allow-pre-commit-input --disable-hang-monitor --disable-ipc-flooding-protection --disable-popup-blocking --disable-prompt-on-repost --disable-renderer-backgrounding --force-color-profile=srgb --metrics-recording-only --no-first-run --enable-automation --password-store=basic --use-mock-keychain --no-service-autorun --export-tagged-pdf --disable-search-engine-choice-screen --unsafely-disable-devtools-self-xss-warnings --no-sandbox --user-data-dir=/tmp/playwright_chromiumdev_profile-l7Gdib --remote-debugging-pipe --no-startup-window
  - <launched> pid=1572938
  - [pid=1572938][err] [1572938:1572938:0625/184927.280103:ERROR:ui/ozone/platform/x11/ozone_platform_x11.cc:249] Missing X server or $DISPLAY
  - [pid=1572938][err] [1572938:1572938:0625/184927.280165:ERROR:ui/aura/env.cc:257] The platform failed to initialize.  Exiting.

2025-06-25 18:49:27,309 - root - INFO - Retrying... Attempt 2 of 2
2025-06-25 18:49:27,309 - root - ERROR - Failed to retrieve total number of pages after multiple attempts
2025-06-25 18:49:27,310 - root - ERROR - Could not determine total pages for job: data architect
2025-06-25 18:49:27,310 - root - INFO - Generated URL: https://www.welcometothejungle.com/fr/jobs?query=data%20engineer&page=1&aroundQuery=worldwide
2025-06-25 18:49:27,770 - root - ERROR - Error while processing the base URL: BrowserType.launch: Target page, context or browser has been closed
Browser logs:

╔════════════════════════════════════════════════════════════════════════════════════════════════╗
║ Looks like you launched a headed browser without having a XServer running.                     ║
║ Set either 'headless: true' or use 'xvfb-run <your-playwright-app>' before running Playwright. ║
║                                                                                                ║
║ <3 Playwright Team                                                                             ║
╚════════════════════════════════════════════════════════════════════════════════════════════════╝
Call log:
  - <launching> /home/ubuntu/.cache/ms-playwright/chromium-1169/chrome-linux/chrome --disable-field-trial-config --disable-background-networking --disable-background-timer-throttling --disable-backgrounding-occluded-windows --disable-back-forward-cache --disable-breakpad --disable-client-side-phishing-detection --disable-component-extensions-with-background-pages --disable-component-update --no-default-browser-check --disable-default-apps --disable-dev-shm-usage --disable-extensions --disable-features=AcceptCHFrame,AutoExpandDetailsElement,AvoidUnnecessaryBeforeUnloadCheckSync,CertificateTransparencyComponentUpdater,DeferRendererTasksAfterInput,DestroyProfileOnBrowserClose,DialMediaRouteProvider,ExtensionManifestV2Disabled,GlobalMediaControls,HttpsUpgrades,ImprovedCookieControls,LazyFrameLoading,LensOverlay,MediaRouter,PaintHolding,ThirdPartyStoragePartitioning,Translate --allow-pre-commit-input --disable-hang-monitor --disable-ipc-flooding-protection --disable-popup-blocking --disable-prompt-on-repost --disable-renderer-backgrounding --force-color-profile=srgb --metrics-recording-only --no-first-run --enable-automation --password-store=basic --use-mock-keychain --no-service-autorun --export-tagged-pdf --disable-search-engine-choice-screen --unsafely-disable-devtools-self-xss-warnings --no-sandbox --user-data-dir=/tmp/playwright_chromiumdev_profile-4qFQdf --remote-debugging-pipe --no-startup-window
  - <launched> pid=1572971
  - [pid=1572971][err] [1572971:1572971:0625/184927.740865:ERROR:ui/ozone/platform/x11/ozone_platform_x11.cc:249] Missing X server or $DISPLAY
  - [pid=1572971][err] [1572971:1572971:0625/184927.740908:ERROR:ui/aura/env.cc:257] The platform failed to initialize.  Exiting.

2025-06-25 18:49:27,770 - root - INFO - Retrying... Attempt 1 of 2
2025-06-25 18:49:28,235 - root - ERROR - Error while processing the base URL: BrowserType.launch: Target page, context or browser has been closed
Browser logs:

╔════════════════════════════════════════════════════════════════════════════════════════════════╗
║ Looks like you launched a headed browser without having a XServer running.                     ║
║ Set either 'headless: true' or use 'xvfb-run <your-playwright-app>' before running Playwright. ║
║                                                                                                ║
║ <3 Playwright Team                                                                             ║
╚════════════════════════════════════════════════════════════════════════════════════════════════╝
Call log:
  - <launching> /home/ubuntu/.cache/ms-playwright/chromium-1169/chrome-linux/chrome --disable-field-trial-config --disable-background-networking --disable-background-timer-throttling --disable-backgrounding-occluded-windows --disable-back-forward-cache --disable-breakpad --disable-client-side-phishing-detection --disable-component-extensions-with-background-pages --disable-component-update --no-default-browser-check --disable-default-apps --disable-dev-shm-usage --disable-extensions --disable-features=AcceptCHFrame,AutoExpandDetailsElement,AvoidUnnecessaryBeforeUnloadCheckSync,CertificateTransparencyComponentUpdater,DeferRendererTasksAfterInput,DestroyProfileOnBrowserClose,DialMediaRouteProvider,ExtensionManifestV2Disabled,GlobalMediaControls,HttpsUpgrades,ImprovedCookieControls,LazyFrameLoading,LensOverlay,MediaRouter,PaintHolding,ThirdPartyStoragePartitioning,Translate --allow-pre-commit-input --disable-hang-monitor --disable-ipc-flooding-protection --disable-popup-blocking --disable-prompt-on-repost --disable-renderer-backgrounding --force-color-profile=srgb --metrics-recording-only --no-first-run --enable-automation --password-store=basic --use-mock-keychain --no-service-autorun --export-tagged-pdf --disable-search-engine-choice-screen --unsafely-disable-devtools-self-xss-warnings --no-sandbox --user-data-dir=/tmp/playwright_chromiumdev_profile-EVUSOi --remote-debugging-pipe --no-startup-window
  - <launched> pid=1573023
  - [pid=1573023][err] [1573023:1573023:0625/184928.209486:ERROR:ui/ozone/platform/x11/ozone_platform_x11.cc:249] Missing X server or $DISPLAY
  - [pid=1573023][err] [1573023:1573023:0625/184928.209529:ERROR:ui/aura/env.cc:257] The platform failed to initialize.  Exiting.

2025-06-25 18:49:28,235 - root - INFO - Retrying... Attempt 2 of 2
2025-06-25 18:49:28,235 - root - ERROR - Failed to retrieve total number of pages after multiple attempts
2025-06-25 18:49:28,235 - root - ERROR - Could not determine total pages for job: data engineer
2025-06-25 18:49:28,235 - root - INFO - Generated URL: https://www.welcometothejungle.com/fr/jobs?query=data%20scientist&page=1&aroundQuery=worldwide
2025-06-25 18:49:28,694 - root - ERROR - Error while processing the base URL: BrowserType.launch: Target page, context or browser has been closed
Browser logs:

╔════════════════════════════════════════════════════════════════════════════════════════════════╗
║ Looks like you launched a headed browser without having a XServer running.                     ║
║ Set either 'headless: true' or use 'xvfb-run <your-playwright-app>' before running Playwright. ║
║                                                                                                ║
║ <3 Playwright Team                                                                             ║
╚════════════════════════════════════════════════════════════════════════════════════════════════╝
Call log:
  - <launching> /home/ubuntu/.cache/ms-playwright/chromium-1169/chrome-linux/chrome --disable-field-trial-config --disable-background-networking --disable-background-timer-throttling --disable-backgrounding-occluded-windows --disable-back-forward-cache --disable-breakpad --disable-client-side-phishing-detection --disable-component-extensions-with-background-pages --disable-component-update --no-default-browser-check --disable-default-apps --disable-dev-shm-usage --disable-extensions --disable-features=AcceptCHFrame,AutoExpandDetailsElement,AvoidUnnecessaryBeforeUnloadCheckSync,CertificateTransparencyComponentUpdater,DeferRendererTasksAfterInput,DestroyProfileOnBrowserClose,DialMediaRouteProvider,ExtensionManifestV2Disabled,GlobalMediaControls,HttpsUpgrades,ImprovedCookieControls,LazyFrameLoading,LensOverlay,MediaRouter,PaintHolding,ThirdPartyStoragePartitioning,Translate --allow-pre-commit-input --disable-hang-monitor --disable-ipc-flooding-protection --disable-popup-blocking --disable-prompt-on-repost --disable-renderer-backgrounding --force-color-profile=srgb --metrics-recording-only --no-first-run --enable-automation --password-store=basic --use-mock-keychain --no-service-autorun --export-tagged-pdf --disable-search-engine-choice-screen --unsafely-disable-devtools-self-xss-warnings --no-sandbox --user-data-dir=/tmp/playwright_chromiumdev_profile-mWUrEP --remote-debugging-pipe --no-startup-window
  - <launched> pid=1573057
  - [pid=1573057][err] [1573057:1573057:0625/184928.666591:ERROR:ui/ozone/platform/x11/ozone_platform_x11.cc:249] Missing X server or $DISPLAY
  - [pid=1573057][err] [1573057:1573057:0625/184928.666634:ERROR:ui/aura/env.cc:257] The platform failed to initialize.  Exiting.

2025-06-25 18:49:28,695 - root - INFO - Retrying... Attempt 1 of 2
2025-06-25 18:49:29,161 - root - ERROR - Error while processing the base URL: BrowserType.launch: Target page, context or browser has been closed
Browser logs:

╔════════════════════════════════════════════════════════════════════════════════════════════════╗
║ Looks like you launched a headed browser without having a XServer running.                     ║
║ Set either 'headless: true' or use 'xvfb-run <your-playwright-app>' before running Playwright. ║
║                                                                                                ║
║ <3 Playwright Team                                                                             ║
╚════════════════════════════════════════════════════════════════════════════════════════════════╝
Call log:
  - <launching> /home/ubuntu/.cache/ms-playwright/chromium-1169/chrome-linux/chrome --disable-field-trial-config --disable-background-networking --disable-background-timer-throttling --disable-backgrounding-occluded-windows --disable-back-forward-cache --disable-breakpad --disable-client-side-phishing-detection --disable-component-extensions-with-background-pages --disable-component-update --no-default-browser-check --disable-default-apps --disable-dev-shm-usage --disable-extensions --disable-features=AcceptCHFrame,AutoExpandDetailsElement,AvoidUnnecessaryBeforeUnloadCheckSync,CertificateTransparencyComponentUpdater,DeferRendererTasksAfterInput,DestroyProfileOnBrowserClose,DialMediaRouteProvider,ExtensionManifestV2Disabled,GlobalMediaControls,HttpsUpgrades,ImprovedCookieControls,LazyFrameLoading,LensOverlay,MediaRouter,PaintHolding,ThirdPartyStoragePartitioning,Translate --allow-pre-commit-input --disable-hang-monitor --disable-ipc-flooding-protection --disable-popup-blocking --disable-prompt-on-repost --disable-renderer-backgrounding --force-color-profile=srgb --metrics-recording-only --no-first-run --enable-automation --password-store=basic --use-mock-keychain --no-service-autorun --export-tagged-pdf --disable-search-engine-choice-screen --unsafely-disable-devtools-self-xss-warnings --no-sandbox --user-data-dir=/tmp/playwright_chromiumdev_profile-y2I8O1 --remote-debugging-pipe --no-startup-window
  - <launched> pid=1573110
  - [pid=1573110][err] [1573110:1573110:0625/184929.135907:ERROR:ui/ozone/platform/x11/ozone_platform_x11.cc:249] Missing X server or $DISPLAY
  - [pid=1573110][err] [1573110:1573110:0625/184929.135954:ERROR:ui/aura/env.cc:257] The platform failed to initialize.  Exiting.

2025-06-25 18:49:29,161 - root - INFO - Retrying... Attempt 2 of 2
2025-06-25 18:49:29,161 - root - ERROR - Failed to retrieve total number of pages after multiple attempts
2025-06-25 18:49:29,161 - root - ERROR - Could not determine total pages for job: data scientist
2025-06-25 18:49:29,161 - root - INFO - Generated URL: https://www.welcometothejungle.com/fr/jobs?query=data%20analyst&page=1&aroundQuery=worldwide
2025-06-25 18:49:29,618 - root - ERROR - Error while processing the base URL: BrowserType.launch: Target page, context or browser has been closed
Browser logs:

╔════════════════════════════════════════════════════════════════════════════════════════════════╗
║ Looks like you launched a headed browser without having a XServer running.                     ║
║ Set either 'headless: true' or use 'xvfb-run <your-playwright-app>' before running Playwright. ║
║                                                                                                ║
║ <3 Playwright Team                                                                             ║
╚════════════════════════════════════════════════════════════════════════════════════════════════╝
Call log:
  - <launching> /home/ubuntu/.cache/ms-playwright/chromium-1169/chrome-linux/chrome --disable-field-trial-config --disable-background-networking --disable-background-timer-throttling --disable-backgrounding-occluded-windows --disable-back-forward-cache --disable-breakpad --disable-client-side-phishing-detection --disable-component-extensions-with-background-pages --disable-component-update --no-default-browser-check --disable-default-apps --disable-dev-shm-usage --disable-extensions --disable-features=AcceptCHFrame,AutoExpandDetailsElement,AvoidUnnecessaryBeforeUnloadCheckSync,CertificateTransparencyComponentUpdater,DeferRendererTasksAfterInput,DestroyProfileOnBrowserClose,DialMediaRouteProvider,ExtensionManifestV2Disabled,GlobalMediaControls,HttpsUpgrades,ImprovedCookieControls,LazyFrameLoading,LensOverlay,MediaRouter,PaintHolding,ThirdPartyStoragePartitioning,Translate --allow-pre-commit-input --disable-hang-monitor --disable-ipc-flooding-protection --disable-popup-blocking --disable-prompt-on-repost --disable-renderer-backgrounding --force-color-profile=srgb --metrics-recording-only --no-first-run --enable-automation --password-store=basic --use-mock-keychain --no-service-autorun --export-tagged-pdf --disable-search-engine-choice-screen --unsafely-disable-devtools-self-xss-warnings --no-sandbox --user-data-dir=/tmp/playwright_chromiumdev_profile-AHyJmt --remote-debugging-pipe --no-startup-window
  - <launched> pid=1573143
  - [pid=1573143][err] [1573143:1573143:0625/184929.591427:ERROR:ui/ozone/platform/x11/ozone_platform_x11.cc:249] Missing X server or $DISPLAY
  - [pid=1573143][err] [1573143:1573143:0625/184929.591472:ERROR:ui/aura/env.cc:257] The platform failed to initialize.  Exiting.

2025-06-25 18:49:29,619 - root - INFO - Retrying... Attempt 1 of 2
2025-06-25 18:49:30,080 - root - ERROR - Error while processing the base URL: BrowserType.launch: Target page, context or browser has been closed
Browser logs:

╔════════════════════════════════════════════════════════════════════════════════════════════════╗
║ Looks like you launched a headed browser without having a XServer running.                     ║
║ Set either 'headless: true' or use 'xvfb-run <your-playwright-app>' before running Playwright. ║
║                                                                                                ║
║ <3 Playwright Team                                                                             ║
╚════════════════════════════════════════════════════════════════════════════════════════════════╝
Call log:
  - <launching> /home/ubuntu/.cache/ms-playwright/chromium-1169/chrome-linux/chrome --disable-field-trial-config --disable-background-networking --disable-background-timer-throttling --disable-backgrounding-occluded-windows --disable-back-forward-cache --disable-breakpad --disable-client-side-phishing-detection --disable-component-extensions-with-background-pages --disable-component-update --no-default-browser-check --disable-default-apps --disable-dev-shm-usage --disable-extensions --disable-features=AcceptCHFrame,AutoExpandDetailsElement,AvoidUnnecessaryBeforeUnloadCheckSync,CertificateTransparencyComponentUpdater,DeferRendererTasksAfterInput,DestroyProfileOnBrowserClose,DialMediaRouteProvider,ExtensionManifestV2Disabled,GlobalMediaControls,HttpsUpgrades,ImprovedCookieControls,LazyFrameLoading,LensOverlay,MediaRouter,PaintHolding,ThirdPartyStoragePartitioning,Translate --allow-pre-commit-input --disable-hang-monitor --disable-ipc-flooding-protection --disable-popup-blocking --disable-prompt-on-repost --disable-renderer-backgrounding --force-color-profile=srgb --metrics-recording-only --no-first-run --enable-automation --password-store=basic --use-mock-keychain --no-service-autorun --export-tagged-pdf --disable-search-engine-choice-screen --unsafely-disable-devtools-self-xss-warnings --no-sandbox --user-data-dir=/tmp/playwright_chromiumdev_profile-X4HBUe --remote-debugging-pipe --no-startup-window
  - <launched> pid=1573178
  - [pid=1573178][err] [1573178:1573178:0625/184930.054959:ERROR:ui/ozone/platform/x11/ozone_platform_x11.cc:249] Missing X server or $DISPLAY
  - [pid=1573178][err] [1573178:1573178:0625/184930.055009:ERROR:ui/aura/env.cc:257] The platform failed to initialize.  Exiting.

2025-06-25 18:49:30,081 - root - INFO - Retrying... Attempt 2 of 2
2025-06-25 18:49:30,081 - root - ERROR - Failed to retrieve total number of pages after multiple attempts
2025-06-25 18:49:30,081 - root - ERROR - Could not determine total pages for job: data analyst
2025-06-25 18:49:30,081 - root - INFO - Generated URL: https://www.welcometothejungle.com/fr/jobs?query=data%20manager&page=1&aroundQuery=worldwide
2025-06-25 18:49:30,541 - root - ERROR - Error while processing the base URL: BrowserType.launch: Target page, context or browser has been closed
Browser logs:

╔════════════════════════════════════════════════════════════════════════════════════════════════╗
║ Looks like you launched a headed browser without having a XServer running.                     ║
║ Set either 'headless: true' or use 'xvfb-run <your-playwright-app>' before running Playwright. ║
║                                                                                                ║
║ <3 Playwright Team                                                                             ║
╚════════════════════════════════════════════════════════════════════════════════════════════════╝
Call log:
  - <launching> /home/ubuntu/.cache/ms-playwright/chromium-1169/chrome-linux/chrome --disable-field-trial-config --disable-background-networking --disable-background-timer-throttling --disable-backgrounding-occluded-windows --disable-back-forward-cache --disable-breakpad --disable-client-side-phishing-detection --disable-component-extensions-with-background-pages --disable-component-update --no-default-browser-check --disable-default-apps --disable-dev-shm-usage --disable-extensions --disable-features=AcceptCHFrame,AutoExpandDetailsElement,AvoidUnnecessaryBeforeUnloadCheckSync,CertificateTransparencyComponentUpdater,DeferRendererTasksAfterInput,DestroyProfileOnBrowserClose,DialMediaRouteProvider,ExtensionManifestV2Disabled,GlobalMediaControls,HttpsUpgrades,ImprovedCookieControls,LazyFrameLoading,LensOverlay,MediaRouter,PaintHolding,ThirdPartyStoragePartitioning,Translate --allow-pre-commit-input --disable-hang-monitor --disable-ipc-flooding-protection --disable-popup-blocking --disable-prompt-on-repost --disable-renderer-backgrounding --force-color-profile=srgb --metrics-recording-only --no-first-run --enable-automation --password-store=basic --use-mock-keychain --no-service-autorun --export-tagged-pdf --disable-search-engine-choice-screen --unsafely-disable-devtools-self-xss-warnings --no-sandbox --user-data-dir=/tmp/playwright_chromiumdev_profile-sLkPK0 --remote-debugging-pipe --no-startup-window
  - <launched> pid=1573211
  - [pid=1573211][err] [1573211:1573211:0625/184930.513361:ERROR:ui/ozone/platform/x11/ozone_platform_x11.cc:249] Missing X server or $DISPLAY
  - [pid=1573211][err] [1573211:1573211:0625/184930.513407:ERROR:ui/aura/env.cc:257] The platform failed to initialize.  Exiting.

2025-06-25 18:49:30,541 - root - INFO - Retrying... Attempt 1 of 2
2025-06-25 18:49:31,002 - root - ERROR - Error while processing the base URL: BrowserType.launch: Target page, context or browser has been closed
Browser logs:

╔════════════════════════════════════════════════════════════════════════════════════════════════╗
║ Looks like you launched a headed browser without having a XServer running.                     ║
║ Set either 'headless: true' or use 'xvfb-run <your-playwright-app>' before running Playwright. ║
║                                                                                                ║
║ <3 Playwright Team                                                                             ║
╚════════════════════════════════════════════════════════════════════════════════════════════════╝
Call log:
  - <launching> /home/ubuntu/.cache/ms-playwright/chromium-1169/chrome-linux/chrome --disable-field-trial-config --disable-background-networking --disable-background-timer-throttling --disable-backgrounding-occluded-windows --disable-back-forward-cache --disable-breakpad --disable-client-side-phishing-detection --disable-component-extensions-with-background-pages --disable-component-update --no-default-browser-check --disable-default-apps --disable-dev-shm-usage --disable-extensions --disable-features=AcceptCHFrame,AutoExpandDetailsElement,AvoidUnnecessaryBeforeUnloadCheckSync,CertificateTransparencyComponentUpdater,DeferRendererTasksAfterInput,DestroyProfileOnBrowserClose,DialMediaRouteProvider,ExtensionManifestV2Disabled,GlobalMediaControls,HttpsUpgrades,ImprovedCookieControls,LazyFrameLoading,LensOverlay,MediaRouter,PaintHolding,ThirdPartyStoragePartitioning,Translate --allow-pre-commit-input --disable-hang-monitor --disable-ipc-flooding-protection --disable-popup-blocking --disable-prompt-on-repost --disable-renderer-backgrounding --force-color-profile=srgb --metrics-recording-only --no-first-run --enable-automation --password-store=basic --use-mock-keychain --no-service-autorun --export-tagged-pdf --disable-search-engine-choice-screen --unsafely-disable-devtools-self-xss-warnings --no-sandbox --user-data-dir=/tmp/playwright_chromiumdev_profile-wRTLRQ --remote-debugging-pipe --no-startup-window
  - <launched> pid=1573243
  - [pid=1573243][err] [1573243:1573243:0625/184930.976082:ERROR:ui/ozone/platform/x11/ozone_platform_x11.cc:249] Missing X server or $DISPLAY
  - [pid=1573243][err] [1573243:1573243:0625/184930.976147:ERROR:ui/aura/env.cc:257] The platform failed to initialize.  Exiting.

2025-06-25 18:49:31,002 - root - INFO - Retrying... Attempt 2 of 2
2025-06-25 18:49:31,002 - root - ERROR - Failed to retrieve total number of pages after multiple attempts
2025-06-25 18:49:31,002 - root - ERROR - Could not determine total pages for job: data manager
2025-06-25 18:49:31,002 - root - INFO - Generated URL: https://www.welcometothejungle.com/fr/jobs?query=software%20engineer&page=1&aroundQuery=worldwide
2025-06-25 18:49:31,489 - root - ERROR - Error while processing the base URL: BrowserType.launch: Target page, context or browser has been closed
Browser logs:

╔════════════════════════════════════════════════════════════════════════════════════════════════╗
║ Looks like you launched a headed browser without having a XServer running.                     ║
║ Set either 'headless: true' or use 'xvfb-run <your-playwright-app>' before running Playwright. ║
║                                                                                                ║
║ <3 Playwright Team                                                                             ║
╚════════════════════════════════════════════════════════════════════════════════════════════════╝
Call log:
  - <launching> /home/ubuntu/.cache/ms-playwright/chromium-1169/chrome-linux/chrome --disable-field-trial-config --disable-background-networking --disable-background-timer-throttling --disable-backgrounding-occluded-windows --disable-back-forward-cache --disable-breakpad --disable-client-side-phishing-detection --disable-component-extensions-with-background-pages --disable-component-update --no-default-browser-check --disable-default-apps --disable-dev-shm-usage --disable-extensions --disable-features=AcceptCHFrame,AutoExpandDetailsElement,AvoidUnnecessaryBeforeUnloadCheckSync,CertificateTransparencyComponentUpdater,DeferRendererTasksAfterInput,DestroyProfileOnBrowserClose,DialMediaRouteProvider,ExtensionManifestV2Disabled,GlobalMediaControls,HttpsUpgrades,ImprovedCookieControls,LazyFrameLoading,LensOverlay,MediaRouter,PaintHolding,ThirdPartyStoragePartitioning,Translate --allow-pre-commit-input --disable-hang-monitor --disable-ipc-flooding-protection --disable-popup-blocking --disable-prompt-on-repost --disable-renderer-backgrounding --force-color-profile=srgb --metrics-recording-only --no-first-run --enable-automation --password-store=basic --use-mock-keychain --no-service-autorun --export-tagged-pdf --disable-search-engine-choice-screen --unsafely-disable-devtools-self-xss-warnings --no-sandbox --user-data-dir=/tmp/playwright_chromiumdev_profile-2K3KkY --remote-debugging-pipe --no-startup-window
  - <launched> pid=1573276
  - [pid=1573276][err] [1573276:1573276:0625/184931.461442:ERROR:ui/ozone/platform/x11/ozone_platform_x11.cc:249] Missing X server or $DISPLAY
  - [pid=1573276][err] [1573276:1573276:0625/184931.461499:ERROR:ui/aura/env.cc:257] The platform failed to initialize.  Exiting.

2025-06-25 18:49:31,489 - root - INFO - Retrying... Attempt 1 of 2
2025-06-25 18:49:31,956 - root - ERROR - Error while processing the base URL: BrowserType.launch: Target page, context or browser has been closed
Browser logs:

╔════════════════════════════════════════════════════════════════════════════════════════════════╗
║ Looks like you launched a headed browser without having a XServer running.                     ║
║ Set either 'headless: true' or use 'xvfb-run <your-playwright-app>' before running Playwright. ║
║                                                                                                ║
║ <3 Playwright Team                                                                             ║
╚════════════════════════════════════════════════════════════════════════════════════════════════╝
Call log:
  - <launching> /home/ubuntu/.cache/ms-playwright/chromium-1169/chrome-linux/chrome --disable-field-trial-config --disable-background-networking --disable-background-timer-throttling --disable-backgrounding-occluded-windows --disable-back-forward-cache --disable-breakpad --disable-client-side-phishing-detection --disable-component-extensions-with-background-pages --disable-component-update --no-default-browser-check --disable-default-apps --disable-dev-shm-usage --disable-extensions --disable-features=AcceptCHFrame,AutoExpandDetailsElement,AvoidUnnecessaryBeforeUnloadCheckSync,CertificateTransparencyComponentUpdater,DeferRendererTasksAfterInput,DestroyProfileOnBrowserClose,DialMediaRouteProvider,ExtensionManifestV2Disabled,GlobalMediaControls,HttpsUpgrades,ImprovedCookieControls,LazyFrameLoading,LensOverlay,MediaRouter,PaintHolding,ThirdPartyStoragePartitioning,Translate --allow-pre-commit-input --disable-hang-monitor --disable-ipc-flooding-protection --disable-popup-blocking --disable-prompt-on-repost --disable-renderer-backgrounding --force-color-profile=srgb --metrics-recording-only --no-first-run --enable-automation --password-store=basic --use-mock-keychain --no-service-autorun --export-tagged-pdf --disable-search-engine-choice-screen --unsafely-disable-devtools-self-xss-warnings --no-sandbox --user-data-dir=/tmp/playwright_chromiumdev_profile-SEHtwf --remote-debugging-pipe --no-startup-window
  - <launched> pid=1573310
  - [pid=1573310][err] [1573310:1573310:0625/184931.929214:ERROR:ui/ozone/platform/x11/ozone_platform_x11.cc:249] Missing X server or $DISPLAY
  - [pid=1573310][err] [1573310:1573310:0625/184931.929268:ERROR:ui/aura/env.cc:257] The platform failed to initialize.  Exiting.

2025-06-25 18:49:31,956 - root - INFO - Retrying... Attempt 2 of 2
2025-06-25 18:49:31,956 - root - ERROR - Failed to retrieve total number of pages after multiple attempts
2025-06-25 18:49:31,956 - root - ERROR - Could not determine total pages for job: software engineer
2025-06-25 18:49:31,956 - root - INFO - Generated URL: https://www.welcometothejungle.com/fr/jobs?query=Data%20Warehousing%20Engineer&page=1&aroundQuery=worldwide
2025-06-25 18:49:32,447 - root - ERROR - Error while processing the base URL: BrowserType.launch: Target page, context or browser has been closed
Browser logs:

╔════════════════════════════════════════════════════════════════════════════════════════════════╗
║ Looks like you launched a headed browser without having a XServer running.                     ║
║ Set either 'headless: true' or use 'xvfb-run <your-playwright-app>' before running Playwright. ║
║                                                                                                ║
║ <3 Playwright Team                                                                             ║
╚════════════════════════════════════════════════════════════════════════════════════════════════╝
Call log:
  - <launching> /home/ubuntu/.cache/ms-playwright/chromium-1169/chrome-linux/chrome --disable-field-trial-config --disable-background-networking --disable-background-timer-throttling --disable-backgrounding-occluded-windows --disable-back-forward-cache --disable-breakpad --disable-client-side-phishing-detection --disable-component-extensions-with-background-pages --disable-component-update --no-default-browser-check --disable-default-apps --disable-dev-shm-usage --disable-extensions --disable-features=AcceptCHFrame,AutoExpandDetailsElement,AvoidUnnecessaryBeforeUnloadCheckSync,CertificateTransparencyComponentUpdater,DeferRendererTasksAfterInput,DestroyProfileOnBrowserClose,DialMediaRouteProvider,ExtensionManifestV2Disabled,GlobalMediaControls,HttpsUpgrades,ImprovedCookieControls,LazyFrameLoading,LensOverlay,MediaRouter,PaintHolding,ThirdPartyStoragePartitioning,Translate --allow-pre-commit-input --disable-hang-monitor --disable-ipc-flooding-protection --disable-popup-blocking --disable-prompt-on-repost --disable-renderer-backgrounding --force-color-profile=srgb --metrics-recording-only --no-first-run --enable-automation --password-store=basic --use-mock-keychain --no-service-autorun --export-tagged-pdf --disable-search-engine-choice-screen --unsafely-disable-devtools-self-xss-warnings --no-sandbox --user-data-dir=/tmp/playwright_chromiumdev_profile-p7Vu1l --remote-debugging-pipe --no-startup-window
  - <launched> pid=1573343
  - [pid=1573343][err] [1573343:1573343:0625/184932.420837:ERROR:ui/ozone/platform/x11/ozone_platform_x11.cc:249] Missing X server or $DISPLAY
  - [pid=1573343][err] [1573343:1573343:0625/184932.420885:ERROR:ui/aura/env.cc:257] The platform failed to initialize.  Exiting.

2025-06-25 18:49:32,447 - root - INFO - Retrying... Attempt 1 of 2
2025-06-25 18:49:32,921 - root - ERROR - Error while processing the base URL: BrowserType.launch: Target page, context or browser has been closed
Browser logs:

╔════════════════════════════════════════════════════════════════════════════════════════════════╗
║ Looks like you launched a headed browser without having a XServer running.                     ║
║ Set either 'headless: true' or use 'xvfb-run <your-playwright-app>' before running Playwright. ║
║                                                                                                ║
║ <3 Playwright Team                                                                             ║
╚════════════════════════════════════════════════════════════════════════════════════════════════╝
Call log:
  - <launching> /home/ubuntu/.cache/ms-playwright/chromium-1169/chrome-linux/chrome --disable-field-trial-config --disable-background-networking --disable-background-timer-throttling --disable-backgrounding-occluded-windows --disable-back-forward-cache --disable-breakpad --disable-client-side-phishing-detection --disable-component-extensions-with-background-pages --disable-component-update --no-default-browser-check --disable-default-apps --disable-dev-shm-usage --disable-extensions --disable-features=AcceptCHFrame,AutoExpandDetailsElement,AvoidUnnecessaryBeforeUnloadCheckSync,CertificateTransparencyComponentUpdater,DeferRendererTasksAfterInput,DestroyProfileOnBrowserClose,DialMediaRouteProvider,ExtensionManifestV2Disabled,GlobalMediaControls,HttpsUpgrades,ImprovedCookieControls,LazyFrameLoading,LensOverlay,MediaRouter,PaintHolding,ThirdPartyStoragePartitioning,Translate --allow-pre-commit-input --disable-hang-monitor --disable-ipc-flooding-protection --disable-popup-blocking --disable-prompt-on-repost --disable-renderer-backgrounding --force-color-profile=srgb --metrics-recording-only --no-first-run --enable-automation --password-store=basic --use-mock-keychain --no-service-autorun --export-tagged-pdf --disable-search-engine-choice-screen --unsafely-disable-devtools-self-xss-warnings --no-sandbox --user-data-dir=/tmp/playwright_chromiumdev_profile-I3xUfw --remote-debugging-pipe --no-startup-window
  - <launched> pid=1573390
  - [pid=1573390][err] [1573390:1573390:0625/184932.894921:ERROR:ui/ozone/platform/x11/ozone_platform_x11.cc:249] Missing X server or $DISPLAY
  - [pid=1573390][err] [1573390:1573390:0625/184932.894971:ERROR:ui/aura/env.cc:257] The platform failed to initialize.  Exiting.

2025-06-25 18:49:32,921 - root - INFO - Retrying... Attempt 2 of 2
2025-06-25 18:49:32,921 - root - ERROR - Failed to retrieve total number of pages after multiple attempts
2025-06-25 18:49:32,921 - root - ERROR - Could not determine total pages for job: Data Warehousing Engineer
2025-06-25 18:49:32,921 - root - INFO - Generated URL: https://www.welcometothejungle.com/fr/jobs?query=Machine%20Learning%20Engineer&page=1&aroundQuery=worldwide
2025-06-25 18:49:33,394 - root - ERROR - Error while processing the base URL: BrowserType.launch: Target page, context or browser has been closed
Browser logs:

╔════════════════════════════════════════════════════════════════════════════════════════════════╗
║ Looks like you launched a headed browser without having a XServer running.                     ║
║ Set either 'headless: true' or use 'xvfb-run <your-playwright-app>' before running Playwright. ║
║                                                                                                ║
║ <3 Playwright Team                                                                             ║
╚════════════════════════════════════════════════════════════════════════════════════════════════╝
Call log:
  - <launching> /home/ubuntu/.cache/ms-playwright/chromium-1169/chrome-linux/chrome --disable-field-trial-config --disable-background-networking --disable-background-timer-throttling --disable-backgrounding-occluded-windows --disable-back-forward-cache --disable-breakpad --disable-client-side-phishing-detection --disable-component-extensions-with-background-pages --disable-component-update --no-default-browser-check --disable-default-apps --disable-dev-shm-usage --disable-extensions --disable-features=AcceptCHFrame,AutoExpandDetailsElement,AvoidUnnecessaryBeforeUnloadCheckSync,CertificateTransparencyComponentUpdater,DeferRendererTasksAfterInput,DestroyProfileOnBrowserClose,DialMediaRouteProvider,ExtensionManifestV2Disabled,GlobalMediaControls,HttpsUpgrades,ImprovedCookieControls,LazyFrameLoading,LensOverlay,MediaRouter,PaintHolding,ThirdPartyStoragePartitioning,Translate --allow-pre-commit-input --disable-hang-monitor --disable-ipc-flooding-protection --disable-popup-blocking --disable-prompt-on-repost --disable-renderer-backgrounding --force-color-profile=srgb --metrics-recording-only --no-first-run --enable-automation --password-store=basic --use-mock-keychain --no-service-autorun --export-tagged-pdf --disable-search-engine-choice-screen --unsafely-disable-devtools-self-xss-warnings --no-sandbox --user-data-dir=/tmp/playwright_chromiumdev_profile-SdoVL8 --remote-debugging-pipe --no-startup-window
  - <launched> pid=1573427
  - [pid=1573427][err] [1573427:1573427:0625/184933.368131:ERROR:ui/ozone/platform/x11/ozone_platform_x11.cc:249] Missing X server or $DISPLAY
  - [pid=1573427][err] [1573427:1573427:0625/184933.368596:ERROR:ui/aura/env.cc:257] The platform failed to initialize.  Exiting.

2025-06-25 18:49:33,394 - root - INFO - Retrying... Attempt 1 of 2
2025-06-25 18:49:33,855 - root - ERROR - Error while processing the base URL: BrowserType.launch: Target page, context or browser has been closed
Browser logs:

╔════════════════════════════════════════════════════════════════════════════════════════════════╗
║ Looks like you launched a headed browser without having a XServer running.                     ║
║ Set either 'headless: true' or use 'xvfb-run <your-playwright-app>' before running Playwright. ║
║                                                                                                ║
║ <3 Playwright Team                                                                             ║
╚════════════════════════════════════════════════════════════════════════════════════════════════╝
Call log:
  - <launching> /home/ubuntu/.cache/ms-playwright/chromium-1169/chrome-linux/chrome --disable-field-trial-config --disable-background-networking --disable-background-timer-throttling --disable-backgrounding-occluded-windows --disable-back-forward-cache --disable-breakpad --disable-client-side-phishing-detection --disable-component-extensions-with-background-pages --disable-component-update --no-default-browser-check --disable-default-apps --disable-dev-shm-usage --disable-extensions --disable-features=AcceptCHFrame,AutoExpandDetailsElement,AvoidUnnecessaryBeforeUnloadCheckSync,CertificateTransparencyComponentUpdater,DeferRendererTasksAfterInput,DestroyProfileOnBrowserClose,DialMediaRouteProvider,ExtensionManifestV2Disabled,GlobalMediaControls,HttpsUpgrades,ImprovedCookieControls,LazyFrameLoading,LensOverlay,MediaRouter,PaintHolding,ThirdPartyStoragePartitioning,Translate --allow-pre-commit-input --disable-hang-monitor --disable-ipc-flooding-protection --disable-popup-blocking --disable-prompt-on-repost --disable-renderer-backgrounding --force-color-profile=srgb --metrics-recording-only --no-first-run --enable-automation --password-store=basic --use-mock-keychain --no-service-autorun --export-tagged-pdf --disable-search-engine-choice-screen --unsafely-disable-devtools-self-xss-warnings --no-sandbox --user-data-dir=/tmp/playwright_chromiumdev_profile-NobFf4 --remote-debugging-pipe --no-startup-window
  - <launched> pid=1573459
  - [pid=1573459][err] [1573459:1573459:0625/184933.827126:ERROR:ui/ozone/platform/x11/ozone_platform_x11.cc:249] Missing X server or $DISPLAY
  - [pid=1573459][err] [1573459:1573459:0625/184933.827171:ERROR:ui/aura/env.cc:257] The platform failed to initialize.  Exiting.

2025-06-25 18:49:33,856 - root - INFO - Retrying... Attempt 2 of 2
2025-06-25 18:49:33,856 - root - ERROR - Failed to retrieve total number of pages after multiple attempts
2025-06-25 18:49:33,856 - root - ERROR - Could not determine total pages for job: Machine Learning Engineer
2025-06-25 18:49:33,856 - root - INFO - Generated URL: https://www.welcometothejungle.com/fr/jobs?query=cloud%20architect&page=1&aroundQuery=worldwide
2025-06-25 18:49:34,317 - root - ERROR - Error while processing the base URL: BrowserType.launch: Target page, context or browser has been closed
Browser logs:

╔════════════════════════════════════════════════════════════════════════════════════════════════╗
║ Looks like you launched a headed browser without having a XServer running.                     ║
║ Set either 'headless: true' or use 'xvfb-run <your-playwright-app>' before running Playwright. ║
║                                                                                                ║
║ <3 Playwright Team                                                                             ║
╚════════════════════════════════════════════════════════════════════════════════════════════════╝
Call log:
  - <launching> /home/ubuntu/.cache/ms-playwright/chromium-1169/chrome-linux/chrome --disable-field-trial-config --disable-background-networking --disable-background-timer-throttling --disable-backgrounding-occluded-windows --disable-back-forward-cache --disable-breakpad --disable-client-side-phishing-detection --disable-component-extensions-with-background-pages --disable-component-update --no-default-browser-check --disable-default-apps --disable-dev-shm-usage --disable-extensions --disable-features=AcceptCHFrame,AutoExpandDetailsElement,AvoidUnnecessaryBeforeUnloadCheckSync,CertificateTransparencyComponentUpdater,DeferRendererTasksAfterInput,DestroyProfileOnBrowserClose,DialMediaRouteProvider,ExtensionManifestV2Disabled,GlobalMediaControls,HttpsUpgrades,ImprovedCookieControls,LazyFrameLoading,LensOverlay,MediaRouter,PaintHolding,ThirdPartyStoragePartitioning,Translate --allow-pre-commit-input --disable-hang-monitor --disable-ipc-flooding-protection --disable-popup-blocking --disable-prompt-on-repost --disable-renderer-backgrounding --force-color-profile=srgb --metrics-recording-only --no-first-run --enable-automation --password-store=basic --use-mock-keychain --no-service-autorun --export-tagged-pdf --disable-search-engine-choice-screen --unsafely-disable-devtools-self-xss-warnings --no-sandbox --user-data-dir=/tmp/playwright_chromiumdev_profile-3tjh7F --remote-debugging-pipe --no-startup-window
  - <launched> pid=1573512
  - [pid=1573512][err] [1573512:1573512:0625/184934.291643:ERROR:ui/ozone/platform/x11/ozone_platform_x11.cc:249] Missing X server or $DISPLAY
  - [pid=1573512][err] [1573512:1573512:0625/184934.291693:ERROR:ui/aura/env.cc:257] The platform failed to initialize.  Exiting.

2025-06-25 18:49:34,317 - root - INFO - Retrying... Attempt 1 of 2
2025-06-25 18:49:34,783 - root - ERROR - Error while processing the base URL: BrowserType.launch: Target page, context or browser has been closed
Browser logs:

╔════════════════════════════════════════════════════════════════════════════════════════════════╗
║ Looks like you launched a headed browser without having a XServer running.                     ║
║ Set either 'headless: true' or use 'xvfb-run <your-playwright-app>' before running Playwright. ║
║                                                                                                ║
║ <3 Playwright Team                                                                             ║
╚════════════════════════════════════════════════════════════════════════════════════════════════╝
Call log:
  - <launching> /home/ubuntu/.cache/ms-playwright/chromium-1169/chrome-linux/chrome --disable-field-trial-config --disable-background-networking --disable-background-timer-throttling --disable-backgrounding-occluded-windows --disable-back-forward-cache --disable-breakpad --disable-client-side-phishing-detection --disable-component-extensions-with-background-pages --disable-component-update --no-default-browser-check --disable-default-apps --disable-dev-shm-usage --disable-extensions --disable-features=AcceptCHFrame,AutoExpandDetailsElement,AvoidUnnecessaryBeforeUnloadCheckSync,CertificateTransparencyComponentUpdater,DeferRendererTasksAfterInput,DestroyProfileOnBrowserClose,DialMediaRouteProvider,ExtensionManifestV2Disabled,GlobalMediaControls,HttpsUpgrades,ImprovedCookieControls,LazyFrameLoading,LensOverlay,MediaRouter,PaintHolding,ThirdPartyStoragePartitioning,Translate --allow-pre-commit-input --disable-hang-monitor --disable-ipc-flooding-protection --disable-popup-blocking --disable-prompt-on-repost --disable-renderer-backgrounding --force-color-profile=srgb --metrics-recording-only --no-first-run --enable-automation --password-store=basic --use-mock-keychain --no-service-autorun --export-tagged-pdf --disable-search-engine-choice-screen --unsafely-disable-devtools-self-xss-warnings --no-sandbox --user-data-dir=/tmp/playwright_chromiumdev_profile-NGyx6w --remote-debugging-pipe --no-startup-window
  - <launched> pid=1573546
  - [pid=1573546][err] [1573546:1573546:0625/184934.755534:ERROR:ui/ozone/platform/x11/ozone_platform_x11.cc:249] Missing X server or $DISPLAY
  - [pid=1573546][err] [1573546:1573546:0625/184934.755584:ERROR:ui/aura/env.cc:257] The platform failed to initialize.  Exiting.

2025-06-25 18:49:34,783 - root - INFO - Retrying... Attempt 2 of 2
2025-06-25 18:49:34,783 - root - ERROR - Failed to retrieve total number of pages after multiple attempts
2025-06-25 18:49:34,783 - root - ERROR - Could not determine total pages for job: cloud architect
2025-06-25 18:49:34,783 - root - INFO - Generated URL: https://www.welcometothejungle.com/fr/jobs?query=solution%20architect&page=1&aroundQuery=worldwide
2025-06-25 18:49:35,251 - root - ERROR - Error while processing the base URL: BrowserType.launch: Target page, context or browser has been closed
Browser logs:

╔════════════════════════════════════════════════════════════════════════════════════════════════╗
║ Looks like you launched a headed browser without having a XServer running.                     ║
║ Set either 'headless: true' or use 'xvfb-run <your-playwright-app>' before running Playwright. ║
║                                                                                                ║
║ <3 Playwright Team                                                                             ║
╚════════════════════════════════════════════════════════════════════════════════════════════════╝
Call log:
  - <launching> /home/ubuntu/.cache/ms-playwright/chromium-1169/chrome-linux/chrome --disable-field-trial-config --disable-background-networking --disable-background-timer-throttling --disable-backgrounding-occluded-windows --disable-back-forward-cache --disable-breakpad --disable-client-side-phishing-detection --disable-component-extensions-with-background-pages --disable-component-update --no-default-browser-check --disable-default-apps --disable-dev-shm-usage --disable-extensions --disable-features=AcceptCHFrame,AutoExpandDetailsElement,AvoidUnnecessaryBeforeUnloadCheckSync,CertificateTransparencyComponentUpdater,DeferRendererTasksAfterInput,DestroyProfileOnBrowserClose,DialMediaRouteProvider,ExtensionManifestV2Disabled,GlobalMediaControls,HttpsUpgrades,ImprovedCookieControls,LazyFrameLoading,LensOverlay,MediaRouter,PaintHolding,ThirdPartyStoragePartitioning,Translate --allow-pre-commit-input --disable-hang-monitor --disable-ipc-flooding-protection --disable-popup-blocking --disable-prompt-on-repost --disable-renderer-backgrounding --force-color-profile=srgb --metrics-recording-only --no-first-run --enable-automation --password-store=basic --use-mock-keychain --no-service-autorun --export-tagged-pdf --disable-search-engine-choice-screen --unsafely-disable-devtools-self-xss-warnings --no-sandbox --user-data-dir=/tmp/playwright_chromiumdev_profile-yjZ3Fq --remote-debugging-pipe --no-startup-window
  - <launched> pid=1573579
  - [pid=1573579][err] [1573579:1573579:0625/184935.224185:ERROR:ui/ozone/platform/x11/ozone_platform_x11.cc:249] Missing X server or $DISPLAY
  - [pid=1573579][err] [1573579:1573579:0625/184935.225060:ERROR:ui/aura/env.cc:257] The platform failed to initialize.  Exiting.

2025-06-25 18:49:35,251 - root - INFO - Retrying... Attempt 1 of 2
2025-06-25 18:49:35,723 - root - ERROR - Error while processing the base URL: BrowserType.launch: Target page, context or browser has been closed
Browser logs:

╔════════════════════════════════════════════════════════════════════════════════════════════════╗
║ Looks like you launched a headed browser without having a XServer running.                     ║
║ Set either 'headless: true' or use 'xvfb-run <your-playwright-app>' before running Playwright. ║
║                                                                                                ║
║ <3 Playwright Team                                                                             ║
╚════════════════════════════════════════════════════════════════════════════════════════════════╝
Call log:
  - <launching> /home/ubuntu/.cache/ms-playwright/chromium-1169/chrome-linux/chrome --disable-field-trial-config --disable-background-networking --disable-background-timer-throttling --disable-backgrounding-occluded-windows --disable-back-forward-cache --disable-breakpad --disable-client-side-phishing-detection --disable-component-extensions-with-background-pages --disable-component-update --no-default-browser-check --disable-default-apps --disable-dev-shm-usage --disable-extensions --disable-features=AcceptCHFrame,AutoExpandDetailsElement,AvoidUnnecessaryBeforeUnloadCheckSync,CertificateTransparencyComponentUpdater,DeferRendererTasksAfterInput,DestroyProfileOnBrowserClose,DialMediaRouteProvider,ExtensionManifestV2Disabled,GlobalMediaControls,HttpsUpgrades,ImprovedCookieControls,LazyFrameLoading,LensOverlay,MediaRouter,PaintHolding,ThirdPartyStoragePartitioning,Translate --allow-pre-commit-input --disable-hang-monitor --disable-ipc-flooding-protection --disable-popup-blocking --disable-prompt-on-repost --disable-renderer-backgrounding --force-color-profile=srgb --metrics-recording-only --no-first-run --enable-automation --password-store=basic --use-mock-keychain --no-service-autorun --export-tagged-pdf --disable-search-engine-choice-screen --unsafely-disable-devtools-self-xss-warnings --no-sandbox --user-data-dir=/tmp/playwright_chromiumdev_profile-v7yOpU --remote-debugging-pipe --no-startup-window
  - <launched> pid=1573611
  - [pid=1573611][err] [1573611:1573611:0625/184935.694708:ERROR:ui/ozone/platform/x11/ozone_platform_x11.cc:249] Missing X server or $DISPLAY
  - [pid=1573611][err] [1573611:1573611:0625/184935.695606:ERROR:ui/aura/env.cc:257] The platform failed to initialize.  Exiting.

2025-06-25 18:49:35,723 - root - INFO - Retrying... Attempt 2 of 2
2025-06-25 18:49:35,723 - root - ERROR - Failed to retrieve total number of pages after multiple attempts
2025-06-25 18:49:35,723 - root - ERROR - Could not determine total pages for job: solution architect
2025-06-25 18:49:35,723 - root - INFO - Generated URL: https://www.welcometothejungle.com/fr/jobs?query=cloud%20engineer&page=1&aroundQuery=worldwide
2025-06-25 18:49:36,193 - root - ERROR - Error while processing the base URL: BrowserType.launch: Target page, context or browser has been closed
Browser logs:

╔════════════════════════════════════════════════════════════════════════════════════════════════╗
║ Looks like you launched a headed browser without having a XServer running.                     ║
║ Set either 'headless: true' or use 'xvfb-run <your-playwright-app>' before running Playwright. ║
║                                                                                                ║
║ <3 Playwright Team                                                                             ║
╚════════════════════════════════════════════════════════════════════════════════════════════════╝
Call log:
  - <launching> /home/ubuntu/.cache/ms-playwright/chromium-1169/chrome-linux/chrome --disable-field-trial-config --disable-background-networking --disable-background-timer-throttling --disable-backgrounding-occluded-windows --disable-back-forward-cache --disable-breakpad --disable-client-side-phishing-detection --disable-component-extensions-with-background-pages --disable-component-update --no-default-browser-check --disable-default-apps --disable-dev-shm-usage --disable-extensions --disable-features=AcceptCHFrame,AutoExpandDetailsElement,AvoidUnnecessaryBeforeUnloadCheckSync,CertificateTransparencyComponentUpdater,DeferRendererTasksAfterInput,DestroyProfileOnBrowserClose,DialMediaRouteProvider,ExtensionManifestV2Disabled,GlobalMediaControls,HttpsUpgrades,ImprovedCookieControls,LazyFrameLoading,LensOverlay,MediaRouter,PaintHolding,ThirdPartyStoragePartitioning,Translate --allow-pre-commit-input --disable-hang-monitor --disable-ipc-flooding-protection --disable-popup-blocking --disable-prompt-on-repost --disable-renderer-backgrounding --force-color-profile=srgb --metrics-recording-only --no-first-run --enable-automation --password-store=basic --use-mock-keychain --no-service-autorun --export-tagged-pdf --disable-search-engine-choice-screen --unsafely-disable-devtools-self-xss-warnings --no-sandbox --user-data-dir=/tmp/playwright_chromiumdev_profile-g9I0tJ --remote-debugging-pipe --no-startup-window
  - <launched> pid=1573643
  - [pid=1573643][err] [1573643:1573643:0625/184936.163648:ERROR:ui/ozone/platform/x11/ozone_platform_x11.cc:249] Missing X server or $DISPLAY
  - [pid=1573643][err] [1573643:1573643:0625/184936.163700:ERROR:ui/aura/env.cc:257] The platform failed to initialize.  Exiting.

2025-06-25 18:49:36,193 - root - INFO - Retrying... Attempt 1 of 2
2025-06-25 18:49:36,675 - root - ERROR - Error while processing the base URL: BrowserType.launch: Target page, context or browser has been closed
Browser logs:

╔════════════════════════════════════════════════════════════════════════════════════════════════╗
║ Looks like you launched a headed browser without having a XServer running.                     ║
║ Set either 'headless: true' or use 'xvfb-run <your-playwright-app>' before running Playwright. ║
║                                                                                                ║
║ <3 Playwright Team                                                                             ║
╚════════════════════════════════════════════════════════════════════════════════════════════════╝
Call log:
  - <launching> /home/ubuntu/.cache/ms-playwright/chromium-1169/chrome-linux/chrome --disable-field-trial-config --disable-background-networking --disable-background-timer-throttling --disable-backgrounding-occluded-windows --disable-back-forward-cache --disable-breakpad --disable-client-side-phishing-detection --disable-component-extensions-with-background-pages --disable-component-update --no-default-browser-check --disable-default-apps --disable-dev-shm-usage --disable-extensions --disable-features=AcceptCHFrame,AutoExpandDetailsElement,AvoidUnnecessaryBeforeUnloadCheckSync,CertificateTransparencyComponentUpdater,DeferRendererTasksAfterInput,DestroyProfileOnBrowserClose,DialMediaRouteProvider,ExtensionManifestV2Disabled,GlobalMediaControls,HttpsUpgrades,ImprovedCookieControls,LazyFrameLoading,LensOverlay,MediaRouter,PaintHolding,ThirdPartyStoragePartitioning,Translate --allow-pre-commit-input --disable-hang-monitor --disable-ipc-flooding-protection --disable-popup-blocking --disable-prompt-on-repost --disable-renderer-backgrounding --force-color-profile=srgb --metrics-recording-only --no-first-run --enable-automation --password-store=basic --use-mock-keychain --no-service-autorun --export-tagged-pdf --disable-search-engine-choice-screen --unsafely-disable-devtools-self-xss-warnings --no-sandbox --user-data-dir=/tmp/playwright_chromiumdev_profile-GGGvO1 --remote-debugging-pipe --no-startup-window
  - <launched> pid=1573676
  - [pid=1573676][err] [1573676:1573676:0625/184936.648613:ERROR:ui/ozone/platform/x11/ozone_platform_x11.cc:249] Missing X server or $DISPLAY
  - [pid=1573676][err] [1573676:1573676:0625/184936.648664:ERROR:ui/aura/env.cc:257] The platform failed to initialize.  Exiting.

2025-06-25 18:49:36,675 - root - INFO - Retrying... Attempt 2 of 2
2025-06-25 18:49:36,675 - root - ERROR - Failed to retrieve total number of pages after multiple attempts
2025-06-25 18:49:36,675 - root - ERROR - Could not determine total pages for job: cloud engineer
2025-06-25 18:49:36,675 - root - INFO - Generated URL: https://www.welcometothejungle.com/fr/jobs?query=big%20data%20engineer&page=1&aroundQuery=worldwide
2025-06-25 18:49:37,143 - root - ERROR - Error while processing the base URL: BrowserType.launch: Target page, context or browser has been closed
Browser logs:

╔════════════════════════════════════════════════════════════════════════════════════════════════╗
║ Looks like you launched a headed browser without having a XServer running.                     ║
║ Set either 'headless: true' or use 'xvfb-run <your-playwright-app>' before running Playwright. ║
║                                                                                                ║
║ <3 Playwright Team                                                                             ║
╚════════════════════════════════════════════════════════════════════════════════════════════════╝
Call log:
  - <launching> /home/ubuntu/.cache/ms-playwright/chromium-1169/chrome-linux/chrome --disable-field-trial-config --disable-background-networking --disable-background-timer-throttling --disable-backgrounding-occluded-windows --disable-back-forward-cache --disable-breakpad --disable-client-side-phishing-detection --disable-component-extensions-with-background-pages --disable-component-update --no-default-browser-check --disable-default-apps --disable-dev-shm-usage --disable-extensions --disable-features=AcceptCHFrame,AutoExpandDetailsElement,AvoidUnnecessaryBeforeUnloadCheckSync,CertificateTransparencyComponentUpdater,DeferRendererTasksAfterInput,DestroyProfileOnBrowserClose,DialMediaRouteProvider,ExtensionManifestV2Disabled,GlobalMediaControls,HttpsUpgrades,ImprovedCookieControls,LazyFrameLoading,LensOverlay,MediaRouter,PaintHolding,ThirdPartyStoragePartitioning,Translate --allow-pre-commit-input --disable-hang-monitor --disable-ipc-flooding-protection --disable-popup-blocking --disable-prompt-on-repost --disable-renderer-backgrounding --force-color-profile=srgb --metrics-recording-only --no-first-run --enable-automation --password-store=basic --use-mock-keychain --no-service-autorun --export-tagged-pdf --disable-search-engine-choice-screen --unsafely-disable-devtools-self-xss-warnings --no-sandbox --user-data-dir=/tmp/playwright_chromiumdev_profile-1qVSAj --remote-debugging-pipe --no-startup-window
  - <launched> pid=1573709
  - [pid=1573709][err] [1573709:1573709:0625/184937.115393:ERROR:ui/ozone/platform/x11/ozone_platform_x11.cc:249] Missing X server or $DISPLAY
  - [pid=1573709][err] [1573709:1573709:0625/184937.115439:ERROR:ui/aura/env.cc:257] The platform failed to initialize.  Exiting.

2025-06-25 18:49:37,143 - root - INFO - Retrying... Attempt 1 of 2
2025-06-25 18:49:37,608 - root - ERROR - Error while processing the base URL: BrowserType.launch: Target page, context or browser has been closed
Browser logs:

╔════════════════════════════════════════════════════════════════════════════════════════════════╗
║ Looks like you launched a headed browser without having a XServer running.                     ║
║ Set either 'headless: true' or use 'xvfb-run <your-playwright-app>' before running Playwright. ║
║                                                                                                ║
║ <3 Playwright Team                                                                             ║
╚════════════════════════════════════════════════════════════════════════════════════════════════╝
Call log:
  - <launching> /home/ubuntu/.cache/ms-playwright/chromium-1169/chrome-linux/chrome --disable-field-trial-config --disable-background-networking --disable-background-timer-throttling --disable-backgrounding-occluded-windows --disable-back-forward-cache --disable-breakpad --disable-client-side-phishing-detection --disable-component-extensions-with-background-pages --disable-component-update --no-default-browser-check --disable-default-apps --disable-dev-shm-usage --disable-extensions --disable-features=AcceptCHFrame,AutoExpandDetailsElement,AvoidUnnecessaryBeforeUnloadCheckSync,CertificateTransparencyComponentUpdater,DeferRendererTasksAfterInput,DestroyProfileOnBrowserClose,DialMediaRouteProvider,ExtensionManifestV2Disabled,GlobalMediaControls,HttpsUpgrades,ImprovedCookieControls,LazyFrameLoading,LensOverlay,MediaRouter,PaintHolding,ThirdPartyStoragePartitioning,Translate --allow-pre-commit-input --disable-hang-monitor --disable-ipc-flooding-protection --disable-popup-blocking --disable-prompt-on-repost --disable-renderer-backgrounding --force-color-profile=srgb --metrics-recording-only --no-first-run --enable-automation --password-store=basic --use-mock-keychain --no-service-autorun --export-tagged-pdf --disable-search-engine-choice-screen --unsafely-disable-devtools-self-xss-warnings --no-sandbox --user-data-dir=/tmp/playwright_chromiumdev_profile-M8sC63 --remote-debugging-pipe --no-startup-window
  - <launched> pid=1573742
  - [pid=1573742][err] [1573742:1573742:0625/184937.581303:ERROR:ui/ozone/platform/x11/ozone_platform_x11.cc:249] Missing X server or $DISPLAY
  - [pid=1573742][err] [1573742:1573742:0625/184937.581355:ERROR:ui/aura/env.cc:257] The platform failed to initialize.  Exiting.

2025-06-25 18:49:37,609 - root - INFO - Retrying... Attempt 2 of 2
2025-06-25 18:49:37,609 - root - ERROR - Failed to retrieve total number of pages after multiple attempts
2025-06-25 18:49:37,609 - root - ERROR - Could not determine total pages for job: big data engineer
2025-06-25 18:49:37,609 - root - INFO - Generated URL: https://www.welcometothejungle.com/fr/jobs?query=Data%20Infrastructure%20Engineer&page=1&aroundQuery=worldwide
2025-06-25 18:49:38,072 - root - ERROR - Error while processing the base URL: BrowserType.launch: Target page, context or browser has been closed
Browser logs:

╔════════════════════════════════════════════════════════════════════════════════════════════════╗
║ Looks like you launched a headed browser without having a XServer running.                     ║
║ Set either 'headless: true' or use 'xvfb-run <your-playwright-app>' before running Playwright. ║
║                                                                                                ║
║ <3 Playwright Team                                                                             ║
╚════════════════════════════════════════════════════════════════════════════════════════════════╝
Call log:
  - <launching> /home/ubuntu/.cache/ms-playwright/chromium-1169/chrome-linux/chrome --disable-field-trial-config --disable-background-networking --disable-background-timer-throttling --disable-backgrounding-occluded-windows --disable-back-forward-cache --disable-breakpad --disable-client-side-phishing-detection --disable-component-extensions-with-background-pages --disable-component-update --no-default-browser-check --disable-default-apps --disable-dev-shm-usage --disable-extensions --disable-features=AcceptCHFrame,AutoExpandDetailsElement,AvoidUnnecessaryBeforeUnloadCheckSync,CertificateTransparencyComponentUpdater,DeferRendererTasksAfterInput,DestroyProfileOnBrowserClose,DialMediaRouteProvider,ExtensionManifestV2Disabled,GlobalMediaControls,HttpsUpgrades,ImprovedCookieControls,LazyFrameLoading,LensOverlay,MediaRouter,PaintHolding,ThirdPartyStoragePartitioning,Translate --allow-pre-commit-input --disable-hang-monitor --disable-ipc-flooding-protection --disable-popup-blocking --disable-prompt-on-repost --disable-renderer-backgrounding --force-color-profile=srgb --metrics-recording-only --no-first-run --enable-automation --password-store=basic --use-mock-keychain --no-service-autorun --export-tagged-pdf --disable-search-engine-choice-screen --unsafely-disable-devtools-self-xss-warnings --no-sandbox --user-data-dir=/tmp/playwright_chromiumdev_profile-SJ6Mbu --remote-debugging-pipe --no-startup-window
  - <launched> pid=1573792
  - [pid=1573792][err] [1573792:1573792:0625/184938.046259:ERROR:ui/ozone/platform/x11/ozone_platform_x11.cc:249] Missing X server or $DISPLAY
  - [pid=1573792][err] [1573792:1573792:0625/184938.046307:ERROR:ui/aura/env.cc:257] The platform failed to initialize.  Exiting.

2025-06-25 18:49:38,072 - root - INFO - Retrying... Attempt 1 of 2
2025-06-25 18:49:38,536 - root - ERROR - Error while processing the base URL: BrowserType.launch: Target page, context or browser has been closed
Browser logs:

╔════════════════════════════════════════════════════════════════════════════════════════════════╗
║ Looks like you launched a headed browser without having a XServer running.                     ║
║ Set either 'headless: true' or use 'xvfb-run <your-playwright-app>' before running Playwright. ║
║                                                                                                ║
║ <3 Playwright Team                                                                             ║
╚════════════════════════════════════════════════════════════════════════════════════════════════╝
Call log:
  - <launching> /home/ubuntu/.cache/ms-playwright/chromium-1169/chrome-linux/chrome --disable-field-trial-config --disable-background-networking --disable-background-timer-throttling --disable-backgrounding-occluded-windows --disable-back-forward-cache --disable-breakpad --disable-client-side-phishing-detection --disable-component-extensions-with-background-pages --disable-component-update --no-default-browser-check --disable-default-apps --disable-dev-shm-usage --disable-extensions --disable-features=AcceptCHFrame,AutoExpandDetailsElement,AvoidUnnecessaryBeforeUnloadCheckSync,CertificateTransparencyComponentUpdater,DeferRendererTasksAfterInput,DestroyProfileOnBrowserClose,DialMediaRouteProvider,ExtensionManifestV2Disabled,GlobalMediaControls,HttpsUpgrades,ImprovedCookieControls,LazyFrameLoading,LensOverlay,MediaRouter,PaintHolding,ThirdPartyStoragePartitioning,Translate --allow-pre-commit-input --disable-hang-monitor --disable-ipc-flooding-protection --disable-popup-blocking --disable-prompt-on-repost --disable-renderer-backgrounding --force-color-profile=srgb --metrics-recording-only --no-first-run --enable-automation --password-store=basic --use-mock-keychain --no-service-autorun --export-tagged-pdf --disable-search-engine-choice-screen --unsafely-disable-devtools-self-xss-warnings --no-sandbox --user-data-dir=/tmp/playwright_chromiumdev_profile-z4Dmsv --remote-debugging-pipe --no-startup-window
  - <launched> pid=1573825
  - [pid=1573825][err] [1573825:1573825:0625/184938.508772:ERROR:ui/ozone/platform/x11/ozone_platform_x11.cc:249] Missing X server or $DISPLAY
  - [pid=1573825][err] [1573825:1573825:0625/184938.508823:ERROR:ui/aura/env.cc:257] The platform failed to initialize.  Exiting.

2025-06-25 18:49:38,536 - root - INFO - Retrying... Attempt 2 of 2
2025-06-25 18:49:38,536 - root - ERROR - Failed to retrieve total number of pages after multiple attempts
2025-06-25 18:49:38,536 - root - ERROR - Could not determine total pages for job: Data Infrastructure Engineer
2025-06-25 18:49:38,536 - root - INFO - Generated URL: https://www.welcometothejungle.com/fr/jobs?query=Data%20Pipeline%20Engineer&page=1&aroundQuery=worldwide
2025-06-25 18:49:38,996 - root - ERROR - Error while processing the base URL: BrowserType.launch: Target page, context or browser has been closed
Browser logs:

╔════════════════════════════════════════════════════════════════════════════════════════════════╗
║ Looks like you launched a headed browser without having a XServer running.                     ║
║ Set either 'headless: true' or use 'xvfb-run <your-playwright-app>' before running Playwright. ║
║                                                                                                ║
║ <3 Playwright Team                                                                             ║
╚════════════════════════════════════════════════════════════════════════════════════════════════╝
Call log:
  - <launching> /home/ubuntu/.cache/ms-playwright/chromium-1169/chrome-linux/chrome --disable-field-trial-config --disable-background-networking --disable-background-timer-throttling --disable-backgrounding-occluded-windows --disable-back-forward-cache --disable-breakpad --disable-client-side-phishing-detection --disable-component-extensions-with-background-pages --disable-component-update --no-default-browser-check --disable-default-apps --disable-dev-shm-usage --disable-extensions --disable-features=AcceptCHFrame,AutoExpandDetailsElement,AvoidUnnecessaryBeforeUnloadCheckSync,CertificateTransparencyComponentUpdater,DeferRendererTasksAfterInput,DestroyProfileOnBrowserClose,DialMediaRouteProvider,ExtensionManifestV2Disabled,GlobalMediaControls,HttpsUpgrades,ImprovedCookieControls,LazyFrameLoading,LensOverlay,MediaRouter,PaintHolding,ThirdPartyStoragePartitioning,Translate --allow-pre-commit-input --disable-hang-monitor --disable-ipc-flooding-protection --disable-popup-blocking --disable-prompt-on-repost --disable-renderer-backgrounding --force-color-profile=srgb --metrics-recording-only --no-first-run --enable-automation --password-store=basic --use-mock-keychain --no-service-autorun --export-tagged-pdf --disable-search-engine-choice-screen --unsafely-disable-devtools-self-xss-warnings --no-sandbox --user-data-dir=/tmp/playwright_chromiumdev_profile-EIaTgS --remote-debugging-pipe --no-startup-window
  - <launched> pid=1573877
  - [pid=1573877][err] [1573877:1573877:0625/184938.969444:ERROR:ui/ozone/platform/x11/ozone_platform_x11.cc:249] Missing X server or $DISPLAY
  - [pid=1573877][err] [1573877:1573877:0625/184938.969494:ERROR:ui/aura/env.cc:257] The platform failed to initialize.  Exiting.

2025-06-25 18:49:38,996 - root - INFO - Retrying... Attempt 1 of 2
2025-06-25 18:49:39,454 - root - ERROR - Error while processing the base URL: BrowserType.launch: Target page, context or browser has been closed
Browser logs:

╔════════════════════════════════════════════════════════════════════════════════════════════════╗
║ Looks like you launched a headed browser without having a XServer running.                     ║
║ Set either 'headless: true' or use 'xvfb-run <your-playwright-app>' before running Playwright. ║
║                                                                                                ║
║ <3 Playwright Team                                                                             ║
╚════════════════════════════════════════════════════════════════════════════════════════════════╝
Call log:
  - <launching> /home/ubuntu/.cache/ms-playwright/chromium-1169/chrome-linux/chrome --disable-field-trial-config --disable-background-networking --disable-background-timer-throttling --disable-backgrounding-occluded-windows --disable-back-forward-cache --disable-breakpad --disable-client-side-phishing-detection --disable-component-extensions-with-background-pages --disable-component-update --no-default-browser-check --disable-default-apps --disable-dev-shm-usage --disable-extensions --disable-features=AcceptCHFrame,AutoExpandDetailsElement,AvoidUnnecessaryBeforeUnloadCheckSync,CertificateTransparencyComponentUpdater,DeferRendererTasksAfterInput,DestroyProfileOnBrowserClose,DialMediaRouteProvider,ExtensionManifestV2Disabled,GlobalMediaControls,HttpsUpgrades,ImprovedCookieControls,LazyFrameLoading,LensOverlay,MediaRouter,PaintHolding,ThirdPartyStoragePartitioning,Translate --allow-pre-commit-input --disable-hang-monitor --disable-ipc-flooding-protection --disable-popup-blocking --disable-prompt-on-repost --disable-renderer-backgrounding --force-color-profile=srgb --metrics-recording-only --no-first-run --enable-automation --password-store=basic --use-mock-keychain --no-service-autorun --export-tagged-pdf --disable-search-engine-choice-screen --unsafely-disable-devtools-self-xss-warnings --no-sandbox --user-data-dir=/tmp/playwright_chromiumdev_profile-tsW6Fa --remote-debugging-pipe --no-startup-window
  - <launched> pid=1573909
  - [pid=1573909][err] [1573909:1573909:0625/184939.434791:ERROR:ui/ozone/platform/x11/ozone_platform_x11.cc:249] Missing X server or $DISPLAY
  - [pid=1573909][err] [1573909:1573909:0625/184939.434838:ERROR:ui/aura/env.cc:257] The platform failed to initialize.  Exiting.

2025-06-25 18:49:39,454 - root - INFO - Retrying... Attempt 2 of 2
2025-06-25 18:49:39,454 - root - ERROR - Failed to retrieve total number of pages after multiple attempts
2025-06-25 18:49:39,454 - root - ERROR - Could not determine total pages for job: Data Pipeline Engineer
2025-06-25 18:49:39,454 - root - INFO - Generated URL: https://www.welcometothejungle.com/fr/jobs?query=ETL%20Developer&page=1&aroundQuery=worldwide
2025-06-25 18:49:39,916 - root - ERROR - Error while processing the base URL: BrowserType.launch: Target page, context or browser has been closed
Browser logs:

╔════════════════════════════════════════════════════════════════════════════════════════════════╗
║ Looks like you launched a headed browser without having a XServer running.                     ║
║ Set either 'headless: true' or use 'xvfb-run <your-playwright-app>' before running Playwright. ║
║                                                                                                ║
║ <3 Playwright Team                                                                             ║
╚════════════════════════════════════════════════════════════════════════════════════════════════╝
Call log:
  - <launching> /home/ubuntu/.cache/ms-playwright/chromium-1169/chrome-linux/chrome --disable-field-trial-config --disable-background-networking --disable-background-timer-throttling --disable-backgrounding-occluded-windows --disable-back-forward-cache --disable-breakpad --disable-client-side-phishing-detection --disable-component-extensions-with-background-pages --disable-component-update --no-default-browser-check --disable-default-apps --disable-dev-shm-usage --disable-extensions --disable-features=AcceptCHFrame,AutoExpandDetailsElement,AvoidUnnecessaryBeforeUnloadCheckSync,CertificateTransparencyComponentUpdater,DeferRendererTasksAfterInput,DestroyProfileOnBrowserClose,DialMediaRouteProvider,ExtensionManifestV2Disabled,GlobalMediaControls,HttpsUpgrades,ImprovedCookieControls,LazyFrameLoading,LensOverlay,MediaRouter,PaintHolding,ThirdPartyStoragePartitioning,Translate --allow-pre-commit-input --disable-hang-monitor --disable-ipc-flooding-protection --disable-popup-blocking --disable-prompt-on-repost --disable-renderer-backgrounding --force-color-profile=srgb --metrics-recording-only --no-first-run --enable-automation --password-store=basic --use-mock-keychain --no-service-autorun --export-tagged-pdf --disable-search-engine-choice-screen --unsafely-disable-devtools-self-xss-warnings --no-sandbox --user-data-dir=/tmp/playwright_chromiumdev_profile-DMxhY2 --remote-debugging-pipe --no-startup-window
  - <launched> pid=1573941
  - [pid=1573941][err] [1573941:1573941:0625/184939.890355:ERROR:ui/ozone/platform/x11/ozone_platform_x11.cc:249] Missing X server or $DISPLAY
  - [pid=1573941][err] [1573941:1573941:0625/184939.890404:ERROR:ui/aura/env.cc:257] The platform failed to initialize.  Exiting.

2025-06-25 18:49:39,916 - root - INFO - Retrying... Attempt 1 of 2
2025-06-25 18:49:40,387 - root - ERROR - Error while processing the base URL: BrowserType.launch: Target page, context or browser has been closed
Browser logs:

╔════════════════════════════════════════════════════════════════════════════════════════════════╗
║ Looks like you launched a headed browser without having a XServer running.                     ║
║ Set either 'headless: true' or use 'xvfb-run <your-playwright-app>' before running Playwright. ║
║                                                                                                ║
║ <3 Playwright Team                                                                             ║
╚════════════════════════════════════════════════════════════════════════════════════════════════╝
Call log:
  - <launching> /home/ubuntu/.cache/ms-playwright/chromium-1169/chrome-linux/chrome --disable-field-trial-config --disable-background-networking --disable-background-timer-throttling --disable-backgrounding-occluded-windows --disable-back-forward-cache --disable-breakpad --disable-client-side-phishing-detection --disable-component-extensions-with-background-pages --disable-component-update --no-default-browser-check --disable-default-apps --disable-dev-shm-usage --disable-extensions --disable-features=AcceptCHFrame,AutoExpandDetailsElement,AvoidUnnecessaryBeforeUnloadCheckSync,CertificateTransparencyComponentUpdater,DeferRendererTasksAfterInput,DestroyProfileOnBrowserClose,DialMediaRouteProvider,ExtensionManifestV2Disabled,GlobalMediaControls,HttpsUpgrades,ImprovedCookieControls,LazyFrameLoading,LensOverlay,MediaRouter,PaintHolding,ThirdPartyStoragePartitioning,Translate --allow-pre-commit-input --disable-hang-monitor --disable-ipc-flooding-protection --disable-popup-blocking --disable-prompt-on-repost --disable-renderer-backgrounding --force-color-profile=srgb --metrics-recording-only --no-first-run --enable-automation --password-store=basic --use-mock-keychain --no-service-autorun --export-tagged-pdf --disable-search-engine-choice-screen --unsafely-disable-devtools-self-xss-warnings --no-sandbox --user-data-dir=/tmp/playwright_chromiumdev_profile-2Jgo73 --remote-debugging-pipe --no-startup-window
  - <launched> pid=1573973
  - [pid=1573973][err] [1573973:1573973:0625/184940.358973:ERROR:ui/ozone/platform/x11/ozone_platform_x11.cc:249] Missing X server or $DISPLAY
  - [pid=1573973][err] [1573973:1573973:0625/184940.359022:ERROR:ui/aura/env.cc:257] The platform failed to initialize.  Exiting.

2025-06-25 18:49:40,388 - root - INFO - Retrying... Attempt 2 of 2
2025-06-25 18:49:40,388 - root - ERROR - Failed to retrieve total number of pages after multiple attempts
2025-06-25 18:49:40,388 - root - ERROR - Could not determine total pages for job: ETL Developer
2025-06-25 18:49:40,388 - root - INFO - Generated URL: https://www.welcometothejungle.com/fr/jobs?query=sysops&page=1&aroundQuery=worldwide
2025-06-25 18:49:40,867 - root - ERROR - Error while processing the base URL: BrowserType.launch: Target page, context or browser has been closed
Browser logs:

╔════════════════════════════════════════════════════════════════════════════════════════════════╗
║ Looks like you launched a headed browser without having a XServer running.                     ║
║ Set either 'headless: true' or use 'xvfb-run <your-playwright-app>' before running Playwright. ║
║                                                                                                ║
║ <3 Playwright Team                                                                             ║
╚════════════════════════════════════════════════════════════════════════════════════════════════╝
Call log:
  - <launching> /home/ubuntu/.cache/ms-playwright/chromium-1169/chrome-linux/chrome --disable-field-trial-config --disable-background-networking --disable-background-timer-throttling --disable-backgrounding-occluded-windows --disable-back-forward-cache --disable-breakpad --disable-client-side-phishing-detection --disable-component-extensions-with-background-pages --disable-component-update --no-default-browser-check --disable-default-apps --disable-dev-shm-usage --disable-extensions --disable-features=AcceptCHFrame,AutoExpandDetailsElement,AvoidUnnecessaryBeforeUnloadCheckSync,CertificateTransparencyComponentUpdater,DeferRendererTasksAfterInput,DestroyProfileOnBrowserClose,DialMediaRouteProvider,ExtensionManifestV2Disabled,GlobalMediaControls,HttpsUpgrades,ImprovedCookieControls,LazyFrameLoading,LensOverlay,MediaRouter,PaintHolding,ThirdPartyStoragePartitioning,Translate --allow-pre-commit-input --disable-hang-monitor --disable-ipc-flooding-protection --disable-popup-blocking --disable-prompt-on-repost --disable-renderer-backgrounding --force-color-profile=srgb --metrics-recording-only --no-first-run --enable-automation --password-store=basic --use-mock-keychain --no-service-autorun --export-tagged-pdf --disable-search-engine-choice-screen --unsafely-disable-devtools-self-xss-warnings --no-sandbox --user-data-dir=/tmp/playwright_chromiumdev_profile-qQVd1l --remote-debugging-pipe --no-startup-window
  - <launched> pid=1574005
  - [pid=1574005][err] [1574005:1574005:0625/184940.840843:ERROR:ui/ozone/platform/x11/ozone_platform_x11.cc:249] Missing X server or $DISPLAY
  - [pid=1574005][err] [1574005:1574005:0625/184940.840887:ERROR:ui/aura/env.cc:257] The platform failed to initialize.  Exiting.

2025-06-25 18:49:40,867 - root - INFO - Retrying... Attempt 1 of 2
2025-06-25 18:49:41,334 - root - ERROR - Error while processing the base URL: BrowserType.launch: Target page, context or browser has been closed
Browser logs:

╔════════════════════════════════════════════════════════════════════════════════════════════════╗
║ Looks like you launched a headed browser without having a XServer running.                     ║
║ Set either 'headless: true' or use 'xvfb-run <your-playwright-app>' before running Playwright. ║
║                                                                                                ║
║ <3 Playwright Team                                                                             ║
╚════════════════════════════════════════════════════════════════════════════════════════════════╝
Call log:
  - <launching> /home/ubuntu/.cache/ms-playwright/chromium-1169/chrome-linux/chrome --disable-field-trial-config --disable-background-networking --disable-background-timer-throttling --disable-backgrounding-occluded-windows --disable-back-forward-cache --disable-breakpad --disable-client-side-phishing-detection --disable-component-extensions-with-background-pages --disable-component-update --no-default-browser-check --disable-default-apps --disable-dev-shm-usage --disable-extensions --disable-features=AcceptCHFrame,AutoExpandDetailsElement,AvoidUnnecessaryBeforeUnloadCheckSync,CertificateTransparencyComponentUpdater,DeferRendererTasksAfterInput,DestroyProfileOnBrowserClose,DialMediaRouteProvider,ExtensionManifestV2Disabled,GlobalMediaControls,HttpsUpgrades,ImprovedCookieControls,LazyFrameLoading,LensOverlay,MediaRouter,PaintHolding,ThirdPartyStoragePartitioning,Translate --allow-pre-commit-input --disable-hang-monitor --disable-ipc-flooding-protection --disable-popup-blocking --disable-prompt-on-repost --disable-renderer-backgrounding --force-color-profile=srgb --metrics-recording-only --no-first-run --enable-automation --password-store=basic --use-mock-keychain --no-service-autorun --export-tagged-pdf --disable-search-engine-choice-screen --unsafely-disable-devtools-self-xss-warnings --no-sandbox --user-data-dir=/tmp/playwright_chromiumdev_profile-nHn4x0 --remote-debugging-pipe --no-startup-window
  - <launched> pid=1574038
  - [pid=1574038][err] [1574038:1574038:0625/184941.307144:ERROR:ui/ozone/platform/x11/ozone_platform_x11.cc:249] Missing X server or $DISPLAY
  - [pid=1574038][err] [1574038:1574038:0625/184941.307195:ERROR:ui/aura/env.cc:257] The platform failed to initialize.  Exiting.

2025-06-25 18:49:41,334 - root - INFO - Retrying... Attempt 2 of 2
2025-06-25 18:49:41,334 - root - ERROR - Failed to retrieve total number of pages after multiple attempts
2025-06-25 18:49:41,334 - root - ERROR - Could not determine total pages for job: sysops
2025-06-25 18:52:28,855 - root - INFO - Generated URL: https://www.welcometothejungle.com/fr/jobs?query=data%20architect&page=1&aroundQuery=worldwide
2025-06-25 18:52:29,344 - root - ERROR - Error while processing the base URL: BrowserType.launch: Target page, context or browser has been closed
Browser logs:

╔════════════════════════════════════════════════════════════════════════════════════════════════╗
║ Looks like you launched a headed browser without having a XServer running.                     ║
║ Set either 'headless: true' or use 'xvfb-run <your-playwright-app>' before running Playwright. ║
║                                                                                                ║
║ <3 Playwright Team                                                                             ║
╚════════════════════════════════════════════════════════════════════════════════════════════════╝
Call log:
  - <launching> /home/ubuntu/.cache/ms-playwright/chromium-1169/chrome-linux/chrome --disable-field-trial-config --disable-background-networking --disable-background-timer-throttling --disable-backgrounding-occluded-windows --disable-back-forward-cache --disable-breakpad --disable-client-side-phishing-detection --disable-component-extensions-with-background-pages --disable-component-update --no-default-browser-check --disable-default-apps --disable-dev-shm-usage --disable-extensions --disable-features=AcceptCHFrame,AutoExpandDetailsElement,AvoidUnnecessaryBeforeUnloadCheckSync,CertificateTransparencyComponentUpdater,DeferRendererTasksAfterInput,DestroyProfileOnBrowserClose,DialMediaRouteProvider,ExtensionManifestV2Disabled,GlobalMediaControls,HttpsUpgrades,ImprovedCookieControls,LazyFrameLoading,LensOverlay,MediaRouter,PaintHolding,ThirdPartyStoragePartitioning,Translate --allow-pre-commit-input --disable-hang-monitor --disable-ipc-flooding-protection --disable-popup-blocking --disable-prompt-on-repost --disable-renderer-backgrounding --force-color-profile=srgb --metrics-recording-only --no-first-run --enable-automation --password-store=basic --use-mock-keychain --no-service-autorun --export-tagged-pdf --disable-search-engine-choice-screen --unsafely-disable-devtools-self-xss-warnings --no-sandbox --user-data-dir=/tmp/playwright_chromiumdev_profile-pImIjU --remote-debugging-pipe --no-startup-window
  - <launched> pid=1574399
  - [pid=1574399][err] [1574399:1574399:0625/185229.313680:ERROR:ui/ozone/platform/x11/ozone_platform_x11.cc:249] Missing X server or $DISPLAY
  - [pid=1574399][err] [1574399:1574399:0625/185229.313728:ERROR:ui/aura/env.cc:257] The platform failed to initialize.  Exiting.

2025-06-25 18:52:29,344 - root - INFO - Retrying... Attempt 1 of 2
2025-06-25 18:52:29,798 - root - ERROR - Error while processing the base URL: BrowserType.launch: Target page, context or browser has been closed
Browser logs:

╔════════════════════════════════════════════════════════════════════════════════════════════════╗
║ Looks like you launched a headed browser without having a XServer running.                     ║
║ Set either 'headless: true' or use 'xvfb-run <your-playwright-app>' before running Playwright. ║
║                                                                                                ║
║ <3 Playwright Team                                                                             ║
╚════════════════════════════════════════════════════════════════════════════════════════════════╝
Call log:
  - <launching> /home/ubuntu/.cache/ms-playwright/chromium-1169/chrome-linux/chrome --disable-field-trial-config --disable-background-networking --disable-background-timer-throttling --disable-backgrounding-occluded-windows --disable-back-forward-cache --disable-breakpad --disable-client-side-phishing-detection --disable-component-extensions-with-background-pages --disable-component-update --no-default-browser-check --disable-default-apps --disable-dev-shm-usage --disable-extensions --disable-features=AcceptCHFrame,AutoExpandDetailsElement,AvoidUnnecessaryBeforeUnloadCheckSync,CertificateTransparencyComponentUpdater,DeferRendererTasksAfterInput,DestroyProfileOnBrowserClose,DialMediaRouteProvider,ExtensionManifestV2Disabled,GlobalMediaControls,HttpsUpgrades,ImprovedCookieControls,LazyFrameLoading,LensOverlay,MediaRouter,PaintHolding,ThirdPartyStoragePartitioning,Translate --allow-pre-commit-input --disable-hang-monitor --disable-ipc-flooding-protection --disable-popup-blocking --disable-prompt-on-repost --disable-renderer-backgrounding --force-color-profile=srgb --metrics-recording-only --no-first-run --enable-automation --password-store=basic --use-mock-keychain --no-service-autorun --export-tagged-pdf --disable-search-engine-choice-screen --unsafely-disable-devtools-self-xss-warnings --no-sandbox --user-data-dir=/tmp/playwright_chromiumdev_profile-4keMQ2 --remote-debugging-pipe --no-startup-window
  - <launched> pid=1574432
  - [pid=1574432][err] [1574432:1574432:0625/185229.770486:ERROR:ui/ozone/platform/x11/ozone_platform_x11.cc:249] Missing X server or $DISPLAY
  - [pid=1574432][err] [1574432:1574432:0625/185229.770549:ERROR:ui/aura/env.cc:257] The platform failed to initialize.  Exiting.

2025-06-25 18:52:29,799 - root - INFO - Retrying... Attempt 2 of 2
2025-06-25 18:52:29,799 - root - ERROR - Failed to retrieve total number of pages after multiple attempts
2025-06-25 18:52:29,799 - root - ERROR - Could not determine total pages for job: data architect
2025-06-25 18:52:29,799 - root - INFO - Generated URL: https://www.welcometothejungle.com/fr/jobs?query=data%20engineer&page=1&aroundQuery=worldwide
2025-06-25 18:52:30,248 - root - ERROR - Error while processing the base URL: BrowserType.launch: Target page, context or browser has been closed
Browser logs:

╔════════════════════════════════════════════════════════════════════════════════════════════════╗
║ Looks like you launched a headed browser without having a XServer running.                     ║
║ Set either 'headless: true' or use 'xvfb-run <your-playwright-app>' before running Playwright. ║
║                                                                                                ║
║ <3 Playwright Team                                                                             ║
╚════════════════════════════════════════════════════════════════════════════════════════════════╝
Call log:
  - <launching> /home/ubuntu/.cache/ms-playwright/chromium-1169/chrome-linux/chrome --disable-field-trial-config --disable-background-networking --disable-background-timer-throttling --disable-backgrounding-occluded-windows --disable-back-forward-cache --disable-breakpad --disable-client-side-phishing-detection --disable-component-extensions-with-background-pages --disable-component-update --no-default-browser-check --disable-default-apps --disable-dev-shm-usage --disable-extensions --disable-features=AcceptCHFrame,AutoExpandDetailsElement,AvoidUnnecessaryBeforeUnloadCheckSync,CertificateTransparencyComponentUpdater,DeferRendererTasksAfterInput,DestroyProfileOnBrowserClose,DialMediaRouteProvider,ExtensionManifestV2Disabled,GlobalMediaControls,HttpsUpgrades,ImprovedCookieControls,LazyFrameLoading,LensOverlay,MediaRouter,PaintHolding,ThirdPartyStoragePartitioning,Translate --allow-pre-commit-input --disable-hang-monitor --disable-ipc-flooding-protection --disable-popup-blocking --disable-prompt-on-repost --disable-renderer-backgrounding --force-color-profile=srgb --metrics-recording-only --no-first-run --enable-automation --password-store=basic --use-mock-keychain --no-service-autorun --export-tagged-pdf --disable-search-engine-choice-screen --unsafely-disable-devtools-self-xss-warnings --no-sandbox --user-data-dir=/tmp/playwright_chromiumdev_profile-Etaiie --remote-debugging-pipe --no-startup-window
  - <launched> pid=1574464
  - [pid=1574464][err] [1574464:1574464:0625/185230.223955:ERROR:ui/ozone/platform/x11/ozone_platform_x11.cc:249] Missing X server or $DISPLAY
  - [pid=1574464][err] [1574464:1574464:0625/185230.224000:ERROR:ui/aura/env.cc:257] The platform failed to initialize.  Exiting.

2025-06-25 18:52:30,249 - root - INFO - Retrying... Attempt 1 of 2
2025-06-25 18:52:30,710 - root - ERROR - Error while processing the base URL: BrowserType.launch: Target page, context or browser has been closed
Browser logs:

╔════════════════════════════════════════════════════════════════════════════════════════════════╗
║ Looks like you launched a headed browser without having a XServer running.                     ║
║ Set either 'headless: true' or use 'xvfb-run <your-playwright-app>' before running Playwright. ║
║                                                                                                ║
║ <3 Playwright Team                                                                             ║
╚════════════════════════════════════════════════════════════════════════════════════════════════╝
Call log:
  - <launching> /home/ubuntu/.cache/ms-playwright/chromium-1169/chrome-linux/chrome --disable-field-trial-config --disable-background-networking --disable-background-timer-throttling --disable-backgrounding-occluded-windows --disable-back-forward-cache --disable-breakpad --disable-client-side-phishing-detection --disable-component-extensions-with-background-pages --disable-component-update --no-default-browser-check --disable-default-apps --disable-dev-shm-usage --disable-extensions --disable-features=AcceptCHFrame,AutoExpandDetailsElement,AvoidUnnecessaryBeforeUnloadCheckSync,CertificateTransparencyComponentUpdater,DeferRendererTasksAfterInput,DestroyProfileOnBrowserClose,DialMediaRouteProvider,ExtensionManifestV2Disabled,GlobalMediaControls,HttpsUpgrades,ImprovedCookieControls,LazyFrameLoading,LensOverlay,MediaRouter,PaintHolding,ThirdPartyStoragePartitioning,Translate --allow-pre-commit-input --disable-hang-monitor --disable-ipc-flooding-protection --disable-popup-blocking --disable-prompt-on-repost --disable-renderer-backgrounding --force-color-profile=srgb --metrics-recording-only --no-first-run --enable-automation --password-store=basic --use-mock-keychain --no-service-autorun --export-tagged-pdf --disable-search-engine-choice-screen --unsafely-disable-devtools-self-xss-warnings --no-sandbox --user-data-dir=/tmp/playwright_chromiumdev_profile-Jp3cKA --remote-debugging-pipe --no-startup-window
  - <launched> pid=1574517
  - [pid=1574517][err] [1574517:1574517:0625/185230.680691:ERROR:ui/ozone/platform/x11/ozone_platform_x11.cc:249] Missing X server or $DISPLAY
  - [pid=1574517][err] [1574517:1574517:0625/185230.680737:ERROR:ui/aura/env.cc:257] The platform failed to initialize.  Exiting.

2025-06-25 18:52:30,710 - root - INFO - Retrying... Attempt 2 of 2
2025-06-25 18:52:30,710 - root - ERROR - Failed to retrieve total number of pages after multiple attempts
2025-06-25 18:52:30,710 - root - ERROR - Could not determine total pages for job: data engineer
2025-06-25 18:52:30,710 - root - INFO - Generated URL: https://www.welcometothejungle.com/fr/jobs?query=data%20scientist&page=1&aroundQuery=worldwide
2025-06-25 18:52:31,173 - root - ERROR - Error while processing the base URL: BrowserType.launch: Target page, context or browser has been closed
Browser logs:

╔════════════════════════════════════════════════════════════════════════════════════════════════╗
║ Looks like you launched a headed browser without having a XServer running.                     ║
║ Set either 'headless: true' or use 'xvfb-run <your-playwright-app>' before running Playwright. ║
║                                                                                                ║
║ <3 Playwright Team                                                                             ║
╚════════════════════════════════════════════════════════════════════════════════════════════════╝
Call log:
  - <launching> /home/ubuntu/.cache/ms-playwright/chromium-1169/chrome-linux/chrome --disable-field-trial-config --disable-background-networking --disable-background-timer-throttling --disable-backgrounding-occluded-windows --disable-back-forward-cache --disable-breakpad --disable-client-side-phishing-detection --disable-component-extensions-with-background-pages --disable-component-update --no-default-browser-check --disable-default-apps --disable-dev-shm-usage --disable-extensions --disable-features=AcceptCHFrame,AutoExpandDetailsElement,AvoidUnnecessaryBeforeUnloadCheckSync,CertificateTransparencyComponentUpdater,DeferRendererTasksAfterInput,DestroyProfileOnBrowserClose,DialMediaRouteProvider,ExtensionManifestV2Disabled,GlobalMediaControls,HttpsUpgrades,ImprovedCookieControls,LazyFrameLoading,LensOverlay,MediaRouter,PaintHolding,ThirdPartyStoragePartitioning,Translate --allow-pre-commit-input --disable-hang-monitor --disable-ipc-flooding-protection --disable-popup-blocking --disable-prompt-on-repost --disable-renderer-backgrounding --force-color-profile=srgb --metrics-recording-only --no-first-run --enable-automation --password-store=basic --use-mock-keychain --no-service-autorun --export-tagged-pdf --disable-search-engine-choice-screen --unsafely-disable-devtools-self-xss-warnings --no-sandbox --user-data-dir=/tmp/playwright_chromiumdev_profile-CQBTfp --remote-debugging-pipe --no-startup-window
  - <launched> pid=1574550
  - [pid=1574550][err] [1574550:1574550:0625/185231.143885:ERROR:ui/ozone/platform/x11/ozone_platform_x11.cc:249] Missing X server or $DISPLAY
  - [pid=1574550][err] [1574550:1574550:0625/185231.143935:ERROR:ui/aura/env.cc:257] The platform failed to initialize.  Exiting.

2025-06-25 18:52:31,173 - root - INFO - Retrying... Attempt 1 of 2
2025-06-25 18:52:31,636 - root - ERROR - Error while processing the base URL: BrowserType.launch: Target page, context or browser has been closed
Browser logs:

╔════════════════════════════════════════════════════════════════════════════════════════════════╗
║ Looks like you launched a headed browser without having a XServer running.                     ║
║ Set either 'headless: true' or use 'xvfb-run <your-playwright-app>' before running Playwright. ║
║                                                                                                ║
║ <3 Playwright Team                                                                             ║
╚════════════════════════════════════════════════════════════════════════════════════════════════╝
Call log:
  - <launching> /home/ubuntu/.cache/ms-playwright/chromium-1169/chrome-linux/chrome --disable-field-trial-config --disable-background-networking --disable-background-timer-throttling --disable-backgrounding-occluded-windows --disable-back-forward-cache --disable-breakpad --disable-client-side-phishing-detection --disable-component-extensions-with-background-pages --disable-component-update --no-default-browser-check --disable-default-apps --disable-dev-shm-usage --disable-extensions --disable-features=AcceptCHFrame,AutoExpandDetailsElement,AvoidUnnecessaryBeforeUnloadCheckSync,CertificateTransparencyComponentUpdater,DeferRendererTasksAfterInput,DestroyProfileOnBrowserClose,DialMediaRouteProvider,ExtensionManifestV2Disabled,GlobalMediaControls,HttpsUpgrades,ImprovedCookieControls,LazyFrameLoading,LensOverlay,MediaRouter,PaintHolding,ThirdPartyStoragePartitioning,Translate --allow-pre-commit-input --disable-hang-monitor --disable-ipc-flooding-protection --disable-popup-blocking --disable-prompt-on-repost --disable-renderer-backgrounding --force-color-profile=srgb --metrics-recording-only --no-first-run --enable-automation --password-store=basic --use-mock-keychain --no-service-autorun --export-tagged-pdf --disable-search-engine-choice-screen --unsafely-disable-devtools-self-xss-warnings --no-sandbox --user-data-dir=/tmp/playwright_chromiumdev_profile-YL1QUO --remote-debugging-pipe --no-startup-window
  - <launched> pid=1574583
  - [pid=1574583][err] [1574583:1574583:0625/185231.610811:ERROR:ui/ozone/platform/x11/ozone_platform_x11.cc:249] Missing X server or $DISPLAY
  - [pid=1574583][err] [1574583:1574583:0625/185231.610863:ERROR:ui/aura/env.cc:257] The platform failed to initialize.  Exiting.

2025-06-25 18:52:31,637 - root - INFO - Retrying... Attempt 2 of 2
2025-06-25 18:52:31,637 - root - ERROR - Failed to retrieve total number of pages after multiple attempts
2025-06-25 18:52:31,637 - root - ERROR - Could not determine total pages for job: data scientist
2025-06-25 18:52:31,637 - root - INFO - Generated URL: https://www.welcometothejungle.com/fr/jobs?query=data%20analyst&page=1&aroundQuery=worldwide
2025-06-25 18:52:32,096 - root - ERROR - Error while processing the base URL: BrowserType.launch: Target page, context or browser has been closed
Browser logs:

╔════════════════════════════════════════════════════════════════════════════════════════════════╗
║ Looks like you launched a headed browser without having a XServer running.                     ║
║ Set either 'headless: true' or use 'xvfb-run <your-playwright-app>' before running Playwright. ║
║                                                                                                ║
║ <3 Playwright Team                                                                             ║
╚════════════════════════════════════════════════════════════════════════════════════════════════╝
Call log:
  - <launching> /home/ubuntu/.cache/ms-playwright/chromium-1169/chrome-linux/chrome --disable-field-trial-config --disable-background-networking --disable-background-timer-throttling --disable-backgrounding-occluded-windows --disable-back-forward-cache --disable-breakpad --disable-client-side-phishing-detection --disable-component-extensions-with-background-pages --disable-component-update --no-default-browser-check --disable-default-apps --disable-dev-shm-usage --disable-extensions --disable-features=AcceptCHFrame,AutoExpandDetailsElement,AvoidUnnecessaryBeforeUnloadCheckSync,CertificateTransparencyComponentUpdater,DeferRendererTasksAfterInput,DestroyProfileOnBrowserClose,DialMediaRouteProvider,ExtensionManifestV2Disabled,GlobalMediaControls,HttpsUpgrades,ImprovedCookieControls,LazyFrameLoading,LensOverlay,MediaRouter,PaintHolding,ThirdPartyStoragePartitioning,Translate --allow-pre-commit-input --disable-hang-monitor --disable-ipc-flooding-protection --disable-popup-blocking --disable-prompt-on-repost --disable-renderer-backgrounding --force-color-profile=srgb --metrics-recording-only --no-first-run --enable-automation --password-store=basic --use-mock-keychain --no-service-autorun --export-tagged-pdf --disable-search-engine-choice-screen --unsafely-disable-devtools-self-xss-warnings --no-sandbox --user-data-dir=/tmp/playwright_chromiumdev_profile-Xst7xF --remote-debugging-pipe --no-startup-window
  - <launched> pid=1574615
  - [pid=1574615][err] [1574615:1574615:0625/185232.068183:ERROR:ui/ozone/platform/x11/ozone_platform_x11.cc:249] Missing X server or $DISPLAY
  - [pid=1574615][err] [1574615:1574615:0625/185232.068231:ERROR:ui/aura/env.cc:257] The platform failed to initialize.  Exiting.

2025-06-25 18:52:32,097 - root - INFO - Retrying... Attempt 1 of 2
2025-06-25 18:52:32,552 - root - ERROR - Error while processing the base URL: BrowserType.launch: Target page, context or browser has been closed
Browser logs:

╔════════════════════════════════════════════════════════════════════════════════════════════════╗
║ Looks like you launched a headed browser without having a XServer running.                     ║
║ Set either 'headless: true' or use 'xvfb-run <your-playwright-app>' before running Playwright. ║
║                                                                                                ║
║ <3 Playwright Team                                                                             ║
╚════════════════════════════════════════════════════════════════════════════════════════════════╝
Call log:
  - <launching> /home/ubuntu/.cache/ms-playwright/chromium-1169/chrome-linux/chrome --disable-field-trial-config --disable-background-networking --disable-background-timer-throttling --disable-backgrounding-occluded-windows --disable-back-forward-cache --disable-breakpad --disable-client-side-phishing-detection --disable-component-extensions-with-background-pages --disable-component-update --no-default-browser-check --disable-default-apps --disable-dev-shm-usage --disable-extensions --disable-features=AcceptCHFrame,AutoExpandDetailsElement,AvoidUnnecessaryBeforeUnloadCheckSync,CertificateTransparencyComponentUpdater,DeferRendererTasksAfterInput,DestroyProfileOnBrowserClose,DialMediaRouteProvider,ExtensionManifestV2Disabled,GlobalMediaControls,HttpsUpgrades,ImprovedCookieControls,LazyFrameLoading,LensOverlay,MediaRouter,PaintHolding,ThirdPartyStoragePartitioning,Translate --allow-pre-commit-input --disable-hang-monitor --disable-ipc-flooding-protection --disable-popup-blocking --disable-prompt-on-repost --disable-renderer-backgrounding --force-color-profile=srgb --metrics-recording-only --no-first-run --enable-automation --password-store=basic --use-mock-keychain --no-service-autorun --export-tagged-pdf --disable-search-engine-choice-screen --unsafely-disable-devtools-self-xss-warnings --no-sandbox --user-data-dir=/tmp/playwright_chromiumdev_profile-UIJ4kj --remote-debugging-pipe --no-startup-window
  - <launched> pid=1574647
  - [pid=1574647][err] [1574647:1574647:0625/185232.526751:ERROR:ui/ozone/platform/x11/ozone_platform_x11.cc:249] Missing X server or $DISPLAY
  - [pid=1574647][err] [1574647:1574647:0625/185232.526806:ERROR:ui/aura/env.cc:257] The platform failed to initialize.  Exiting.

2025-06-25 18:52:32,553 - root - INFO - Retrying... Attempt 2 of 2
2025-06-25 18:52:32,553 - root - ERROR - Failed to retrieve total number of pages after multiple attempts
2025-06-25 18:52:32,553 - root - ERROR - Could not determine total pages for job: data analyst
2025-06-25 18:52:32,553 - root - INFO - Generated URL: https://www.welcometothejungle.com/fr/jobs?query=data%20manager&page=1&aroundQuery=worldwide
2025-06-25 18:52:33,009 - root - ERROR - Error while processing the base URL: BrowserType.launch: Target page, context or browser has been closed
Browser logs:

╔════════════════════════════════════════════════════════════════════════════════════════════════╗
║ Looks like you launched a headed browser without having a XServer running.                     ║
║ Set either 'headless: true' or use 'xvfb-run <your-playwright-app>' before running Playwright. ║
║                                                                                                ║
║ <3 Playwright Team                                                                             ║
╚════════════════════════════════════════════════════════════════════════════════════════════════╝
Call log:
  - <launching> /home/ubuntu/.cache/ms-playwright/chromium-1169/chrome-linux/chrome --disable-field-trial-config --disable-background-networking --disable-background-timer-throttling --disable-backgrounding-occluded-windows --disable-back-forward-cache --disable-breakpad --disable-client-side-phishing-detection --disable-component-extensions-with-background-pages --disable-component-update --no-default-browser-check --disable-default-apps --disable-dev-shm-usage --disable-extensions --disable-features=AcceptCHFrame,AutoExpandDetailsElement,AvoidUnnecessaryBeforeUnloadCheckSync,CertificateTransparencyComponentUpdater,DeferRendererTasksAfterInput,DestroyProfileOnBrowserClose,DialMediaRouteProvider,ExtensionManifestV2Disabled,GlobalMediaControls,HttpsUpgrades,ImprovedCookieControls,LazyFrameLoading,LensOverlay,MediaRouter,PaintHolding,ThirdPartyStoragePartitioning,Translate --allow-pre-commit-input --disable-hang-monitor --disable-ipc-flooding-protection --disable-popup-blocking --disable-prompt-on-repost --disable-renderer-backgrounding --force-color-profile=srgb --metrics-recording-only --no-first-run --enable-automation --password-store=basic --use-mock-keychain --no-service-autorun --export-tagged-pdf --disable-search-engine-choice-screen --unsafely-disable-devtools-self-xss-warnings --no-sandbox --user-data-dir=/tmp/playwright_chromiumdev_profile-3ABlWn --remote-debugging-pipe --no-startup-window
  - <launched> pid=1574681
  - [pid=1574681][err] [1574681:1574681:0625/185232.982300:ERROR:ui/ozone/platform/x11/ozone_platform_x11.cc:249] Missing X server or $DISPLAY
  - [pid=1574681][err] [1574681:1574681:0625/185232.982347:ERROR:ui/aura/env.cc:257] The platform failed to initialize.  Exiting.

2025-06-25 18:52:33,010 - root - INFO - Retrying... Attempt 1 of 2
2025-06-25 18:52:33,467 - root - ERROR - Error while processing the base URL: BrowserType.launch: Target page, context or browser has been closed
Browser logs:

╔════════════════════════════════════════════════════════════════════════════════════════════════╗
║ Looks like you launched a headed browser without having a XServer running.                     ║
║ Set either 'headless: true' or use 'xvfb-run <your-playwright-app>' before running Playwright. ║
║                                                                                                ║
║ <3 Playwright Team                                                                             ║
╚════════════════════════════════════════════════════════════════════════════════════════════════╝
Call log:
  - <launching> /home/ubuntu/.cache/ms-playwright/chromium-1169/chrome-linux/chrome --disable-field-trial-config --disable-background-networking --disable-background-timer-throttling --disable-backgrounding-occluded-windows --disable-back-forward-cache --disable-breakpad --disable-client-side-phishing-detection --disable-component-extensions-with-background-pages --disable-component-update --no-default-browser-check --disable-default-apps --disable-dev-shm-usage --disable-extensions --disable-features=AcceptCHFrame,AutoExpandDetailsElement,AvoidUnnecessaryBeforeUnloadCheckSync,CertificateTransparencyComponentUpdater,DeferRendererTasksAfterInput,DestroyProfileOnBrowserClose,DialMediaRouteProvider,ExtensionManifestV2Disabled,GlobalMediaControls,HttpsUpgrades,ImprovedCookieControls,LazyFrameLoading,LensOverlay,MediaRouter,PaintHolding,ThirdPartyStoragePartitioning,Translate --allow-pre-commit-input --disable-hang-monitor --disable-ipc-flooding-protection --disable-popup-blocking --disable-prompt-on-repost --disable-renderer-backgrounding --force-color-profile=srgb --metrics-recording-only --no-first-run --enable-automation --password-store=basic --use-mock-keychain --no-service-autorun --export-tagged-pdf --disable-search-engine-choice-screen --unsafely-disable-devtools-self-xss-warnings --no-sandbox --user-data-dir=/tmp/playwright_chromiumdev_profile-293VP6 --remote-debugging-pipe --no-startup-window
  - <launched> pid=1574714
  - [pid=1574714][err] [1574714:1574714:0625/185233.439557:ERROR:ui/ozone/platform/x11/ozone_platform_x11.cc:249] Missing X server or $DISPLAY
  - [pid=1574714][err] [1574714:1574714:0625/185233.439607:ERROR:ui/aura/env.cc:257] The platform failed to initialize.  Exiting.

2025-06-25 18:52:33,467 - root - INFO - Retrying... Attempt 2 of 2
2025-06-25 18:52:33,467 - root - ERROR - Failed to retrieve total number of pages after multiple attempts
2025-06-25 18:52:33,468 - root - ERROR - Could not determine total pages for job: data manager
2025-06-25 18:52:33,468 - root - INFO - Generated URL: https://www.welcometothejungle.com/fr/jobs?query=software%20engineer&page=1&aroundQuery=worldwide
2025-06-25 18:52:33,926 - root - ERROR - Error while processing the base URL: BrowserType.launch: Target page, context or browser has been closed
Browser logs:

╔════════════════════════════════════════════════════════════════════════════════════════════════╗
║ Looks like you launched a headed browser without having a XServer running.                     ║
║ Set either 'headless: true' or use 'xvfb-run <your-playwright-app>' before running Playwright. ║
║                                                                                                ║
║ <3 Playwright Team                                                                             ║
╚════════════════════════════════════════════════════════════════════════════════════════════════╝
Call log:
  - <launching> /home/ubuntu/.cache/ms-playwright/chromium-1169/chrome-linux/chrome --disable-field-trial-config --disable-background-networking --disable-background-timer-throttling --disable-backgrounding-occluded-windows --disable-back-forward-cache --disable-breakpad --disable-client-side-phishing-detection --disable-component-extensions-with-background-pages --disable-component-update --no-default-browser-check --disable-default-apps --disable-dev-shm-usage --disable-extensions --disable-features=AcceptCHFrame,AutoExpandDetailsElement,AvoidUnnecessaryBeforeUnloadCheckSync,CertificateTransparencyComponentUpdater,DeferRendererTasksAfterInput,DestroyProfileOnBrowserClose,DialMediaRouteProvider,ExtensionManifestV2Disabled,GlobalMediaControls,HttpsUpgrades,ImprovedCookieControls,LazyFrameLoading,LensOverlay,MediaRouter,PaintHolding,ThirdPartyStoragePartitioning,Translate --allow-pre-commit-input --disable-hang-monitor --disable-ipc-flooding-protection --disable-popup-blocking --disable-prompt-on-repost --disable-renderer-backgrounding --force-color-profile=srgb --metrics-recording-only --no-first-run --enable-automation --password-store=basic --use-mock-keychain --no-service-autorun --export-tagged-pdf --disable-search-engine-choice-screen --unsafely-disable-devtools-self-xss-warnings --no-sandbox --user-data-dir=/tmp/playwright_chromiumdev_profile-20LPkb --remote-debugging-pipe --no-startup-window
  - <launched> pid=1574765
  - [pid=1574765][err] [1574765:1574765:0625/185233.900835:ERROR:ui/ozone/platform/x11/ozone_platform_x11.cc:249] Missing X server or $DISPLAY
  - [pid=1574765][err] [1574765:1574765:0625/185233.900882:ERROR:ui/aura/env.cc:257] The platform failed to initialize.  Exiting.

2025-06-25 18:52:33,926 - root - INFO - Retrying... Attempt 1 of 2
2025-06-25 18:52:34,388 - root - ERROR - Error while processing the base URL: BrowserType.launch: Target page, context or browser has been closed
Browser logs:

╔════════════════════════════════════════════════════════════════════════════════════════════════╗
║ Looks like you launched a headed browser without having a XServer running.                     ║
║ Set either 'headless: true' or use 'xvfb-run <your-playwright-app>' before running Playwright. ║
║                                                                                                ║
║ <3 Playwright Team                                                                             ║
╚════════════════════════════════════════════════════════════════════════════════════════════════╝
Call log:
  - <launching> /home/ubuntu/.cache/ms-playwright/chromium-1169/chrome-linux/chrome --disable-field-trial-config --disable-background-networking --disable-background-timer-throttling --disable-backgrounding-occluded-windows --disable-back-forward-cache --disable-breakpad --disable-client-side-phishing-detection --disable-component-extensions-with-background-pages --disable-component-update --no-default-browser-check --disable-default-apps --disable-dev-shm-usage --disable-extensions --disable-features=AcceptCHFrame,AutoExpandDetailsElement,AvoidUnnecessaryBeforeUnloadCheckSync,CertificateTransparencyComponentUpdater,DeferRendererTasksAfterInput,DestroyProfileOnBrowserClose,DialMediaRouteProvider,ExtensionManifestV2Disabled,GlobalMediaControls,HttpsUpgrades,ImprovedCookieControls,LazyFrameLoading,LensOverlay,MediaRouter,PaintHolding,ThirdPartyStoragePartitioning,Translate --allow-pre-commit-input --disable-hang-monitor --disable-ipc-flooding-protection --disable-popup-blocking --disable-prompt-on-repost --disable-renderer-backgrounding --force-color-profile=srgb --metrics-recording-only --no-first-run --enable-automation --password-store=basic --use-mock-keychain --no-service-autorun --export-tagged-pdf --disable-search-engine-choice-screen --unsafely-disable-devtools-self-xss-warnings --no-sandbox --user-data-dir=/tmp/playwright_chromiumdev_profile-BEM8Yf --remote-debugging-pipe --no-startup-window
  - <launched> pid=1574797
  - [pid=1574797][err] [1574797:1574797:0625/185234.360315:ERROR:ui/ozone/platform/x11/ozone_platform_x11.cc:249] Missing X server or $DISPLAY
  - [pid=1574797][err] [1574797:1574797:0625/185234.360360:ERROR:ui/aura/env.cc:257] The platform failed to initialize.  Exiting.

2025-06-25 18:52:34,388 - root - INFO - Retrying... Attempt 2 of 2
2025-06-25 18:52:34,388 - root - ERROR - Failed to retrieve total number of pages after multiple attempts
2025-06-25 18:52:34,388 - root - ERROR - Could not determine total pages for job: software engineer
2025-06-25 18:52:34,388 - root - INFO - Generated URL: https://www.welcometothejungle.com/fr/jobs?query=Data%20Warehousing%20Engineer&page=1&aroundQuery=worldwide
2025-06-25 18:52:34,840 - root - ERROR - Error while processing the base URL: BrowserType.launch: Target page, context or browser has been closed
Browser logs:

╔════════════════════════════════════════════════════════════════════════════════════════════════╗
║ Looks like you launched a headed browser without having a XServer running.                     ║
║ Set either 'headless: true' or use 'xvfb-run <your-playwright-app>' before running Playwright. ║
║                                                                                                ║
║ <3 Playwright Team                                                                             ║
╚════════════════════════════════════════════════════════════════════════════════════════════════╝
Call log:
  - <launching> /home/ubuntu/.cache/ms-playwright/chromium-1169/chrome-linux/chrome --disable-field-trial-config --disable-background-networking --disable-background-timer-throttling --disable-backgrounding-occluded-windows --disable-back-forward-cache --disable-breakpad --disable-client-side-phishing-detection --disable-component-extensions-with-background-pages --disable-component-update --no-default-browser-check --disable-default-apps --disable-dev-shm-usage --disable-extensions --disable-features=AcceptCHFrame,AutoExpandDetailsElement,AvoidUnnecessaryBeforeUnloadCheckSync,CertificateTransparencyComponentUpdater,DeferRendererTasksAfterInput,DestroyProfileOnBrowserClose,DialMediaRouteProvider,ExtensionManifestV2Disabled,GlobalMediaControls,HttpsUpgrades,ImprovedCookieControls,LazyFrameLoading,LensOverlay,MediaRouter,PaintHolding,ThirdPartyStoragePartitioning,Translate --allow-pre-commit-input --disable-hang-monitor --disable-ipc-flooding-protection --disable-popup-blocking --disable-prompt-on-repost --disable-renderer-backgrounding --force-color-profile=srgb --metrics-recording-only --no-first-run --enable-automation --password-store=basic --use-mock-keychain --no-service-autorun --export-tagged-pdf --disable-search-engine-choice-screen --unsafely-disable-devtools-self-xss-warnings --no-sandbox --user-data-dir=/tmp/playwright_chromiumdev_profile-G93pua --remote-debugging-pipe --no-startup-window
  - <launched> pid=1574849
  - [pid=1574849][err] [1574849:1574849:0625/185234.819071:ERROR:ui/ozone/platform/x11/ozone_platform_x11.cc:249] Missing X server or $DISPLAY
  - [pid=1574849][err] [1574849:1574849:0625/185234.819132:ERROR:ui/aura/env.cc:257] The platform failed to initialize.  Exiting.

2025-06-25 18:52:34,840 - root - INFO - Retrying... Attempt 1 of 2
2025-06-25 18:52:35,298 - root - ERROR - Error while processing the base URL: BrowserType.launch: Target page, context or browser has been closed
Browser logs:

╔════════════════════════════════════════════════════════════════════════════════════════════════╗
║ Looks like you launched a headed browser without having a XServer running.                     ║
║ Set either 'headless: true' or use 'xvfb-run <your-playwright-app>' before running Playwright. ║
║                                                                                                ║
║ <3 Playwright Team                                                                             ║
╚════════════════════════════════════════════════════════════════════════════════════════════════╝
Call log:
  - <launching> /home/ubuntu/.cache/ms-playwright/chromium-1169/chrome-linux/chrome --disable-field-trial-config --disable-background-networking --disable-background-timer-throttling --disable-backgrounding-occluded-windows --disable-back-forward-cache --disable-breakpad --disable-client-side-phishing-detection --disable-component-extensions-with-background-pages --disable-component-update --no-default-browser-check --disable-default-apps --disable-dev-shm-usage --disable-extensions --disable-features=AcceptCHFrame,AutoExpandDetailsElement,AvoidUnnecessaryBeforeUnloadCheckSync,CertificateTransparencyComponentUpdater,DeferRendererTasksAfterInput,DestroyProfileOnBrowserClose,DialMediaRouteProvider,ExtensionManifestV2Disabled,GlobalMediaControls,HttpsUpgrades,ImprovedCookieControls,LazyFrameLoading,LensOverlay,MediaRouter,PaintHolding,ThirdPartyStoragePartitioning,Translate --allow-pre-commit-input --disable-hang-monitor --disable-ipc-flooding-protection --disable-popup-blocking --disable-prompt-on-repost --disable-renderer-backgrounding --force-color-profile=srgb --metrics-recording-only --no-first-run --enable-automation --password-store=basic --use-mock-keychain --no-service-autorun --export-tagged-pdf --disable-search-engine-choice-screen --unsafely-disable-devtools-self-xss-warnings --no-sandbox --user-data-dir=/tmp/playwright_chromiumdev_profile-mWKFC4 --remote-debugging-pipe --no-startup-window
  - <launched> pid=1574882
  - [pid=1574882][err] [1574882:1574882:0625/185235.272367:ERROR:ui/ozone/platform/x11/ozone_platform_x11.cc:249] Missing X server or $DISPLAY
  - [pid=1574882][err] [1574882:1574882:0625/185235.272418:ERROR:ui/aura/env.cc:257] The platform failed to initialize.  Exiting.

2025-06-25 18:52:35,298 - root - INFO - Retrying... Attempt 2 of 2
2025-06-25 18:52:35,298 - root - ERROR - Failed to retrieve total number of pages after multiple attempts
2025-06-25 18:52:35,298 - root - ERROR - Could not determine total pages for job: Data Warehousing Engineer
2025-06-25 18:52:35,298 - root - INFO - Generated URL: https://www.welcometothejungle.com/fr/jobs?query=Machine%20Learning%20Engineer&page=1&aroundQuery=worldwide
2025-06-25 18:52:35,754 - root - ERROR - Error while processing the base URL: BrowserType.launch: Target page, context or browser has been closed
Browser logs:

╔════════════════════════════════════════════════════════════════════════════════════════════════╗
║ Looks like you launched a headed browser without having a XServer running.                     ║
║ Set either 'headless: true' or use 'xvfb-run <your-playwright-app>' before running Playwright. ║
║                                                                                                ║
║ <3 Playwright Team                                                                             ║
╚════════════════════════════════════════════════════════════════════════════════════════════════╝
Call log:
  - <launching> /home/ubuntu/.cache/ms-playwright/chromium-1169/chrome-linux/chrome --disable-field-trial-config --disable-background-networking --disable-background-timer-throttling --disable-backgrounding-occluded-windows --disable-back-forward-cache --disable-breakpad --disable-client-side-phishing-detection --disable-component-extensions-with-background-pages --disable-component-update --no-default-browser-check --disable-default-apps --disable-dev-shm-usage --disable-extensions --disable-features=AcceptCHFrame,AutoExpandDetailsElement,AvoidUnnecessaryBeforeUnloadCheckSync,CertificateTransparencyComponentUpdater,DeferRendererTasksAfterInput,DestroyProfileOnBrowserClose,DialMediaRouteProvider,ExtensionManifestV2Disabled,GlobalMediaControls,HttpsUpgrades,ImprovedCookieControls,LazyFrameLoading,LensOverlay,MediaRouter,PaintHolding,ThirdPartyStoragePartitioning,Translate --allow-pre-commit-input --disable-hang-monitor --disable-ipc-flooding-protection --disable-popup-blocking --disable-prompt-on-repost --disable-renderer-backgrounding --force-color-profile=srgb --metrics-recording-only --no-first-run --enable-automation --password-store=basic --use-mock-keychain --no-service-autorun --export-tagged-pdf --disable-search-engine-choice-screen --unsafely-disable-devtools-self-xss-warnings --no-sandbox --user-data-dir=/tmp/playwright_chromiumdev_profile-VmR2Wm --remote-debugging-pipe --no-startup-window
  - <launched> pid=1574915
  - [pid=1574915][err] [1574915:1574915:0625/185235.729670:ERROR:ui/ozone/platform/x11/ozone_platform_x11.cc:249] Missing X server or $DISPLAY
  - [pid=1574915][err] [1574915:1574915:0625/185235.729723:ERROR:ui/aura/env.cc:257] The platform failed to initialize.  Exiting.

2025-06-25 18:52:35,755 - root - INFO - Retrying... Attempt 1 of 2
2025-06-25 18:52:36,217 - root - ERROR - Error while processing the base URL: BrowserType.launch: Target page, context or browser has been closed
Browser logs:

╔════════════════════════════════════════════════════════════════════════════════════════════════╗
║ Looks like you launched a headed browser without having a XServer running.                     ║
║ Set either 'headless: true' or use 'xvfb-run <your-playwright-app>' before running Playwright. ║
║                                                                                                ║
║ <3 Playwright Team                                                                             ║
╚════════════════════════════════════════════════════════════════════════════════════════════════╝
Call log:
  - <launching> /home/ubuntu/.cache/ms-playwright/chromium-1169/chrome-linux/chrome --disable-field-trial-config --disable-background-networking --disable-background-timer-throttling --disable-backgrounding-occluded-windows --disable-back-forward-cache --disable-breakpad --disable-client-side-phishing-detection --disable-component-extensions-with-background-pages --disable-component-update --no-default-browser-check --disable-default-apps --disable-dev-shm-usage --disable-extensions --disable-features=AcceptCHFrame,AutoExpandDetailsElement,AvoidUnnecessaryBeforeUnloadCheckSync,CertificateTransparencyComponentUpdater,DeferRendererTasksAfterInput,DestroyProfileOnBrowserClose,DialMediaRouteProvider,ExtensionManifestV2Disabled,GlobalMediaControls,HttpsUpgrades,ImprovedCookieControls,LazyFrameLoading,LensOverlay,MediaRouter,PaintHolding,ThirdPartyStoragePartitioning,Translate --allow-pre-commit-input --disable-hang-monitor --disable-ipc-flooding-protection --disable-popup-blocking --disable-prompt-on-repost --disable-renderer-backgrounding --force-color-profile=srgb --metrics-recording-only --no-first-run --enable-automation --password-store=basic --use-mock-keychain --no-service-autorun --export-tagged-pdf --disable-search-engine-choice-screen --unsafely-disable-devtools-self-xss-warnings --no-sandbox --user-data-dir=/tmp/playwright_chromiumdev_profile-fC6hjL --remote-debugging-pipe --no-startup-window
  - <launched> pid=1574948
  - [pid=1574948][err] [1574948:1574948:0625/185236.192380:ERROR:ui/ozone/platform/x11/ozone_platform_x11.cc:249] Missing X server or $DISPLAY
  - [pid=1574948][err] [1574948:1574948:0625/185236.192425:ERROR:ui/aura/env.cc:257] The platform failed to initialize.  Exiting.

2025-06-25 18:52:36,217 - root - INFO - Retrying... Attempt 2 of 2
2025-06-25 18:52:36,217 - root - ERROR - Failed to retrieve total number of pages after multiple attempts
2025-06-25 18:52:36,217 - root - ERROR - Could not determine total pages for job: Machine Learning Engineer
2025-06-25 18:52:36,217 - root - INFO - Generated URL: https://www.welcometothejungle.com/fr/jobs?query=cloud%20architect&page=1&aroundQuery=worldwide
2025-06-25 18:52:36,675 - root - ERROR - Error while processing the base URL: BrowserType.launch: Target page, context or browser has been closed
Browser logs:

╔════════════════════════════════════════════════════════════════════════════════════════════════╗
║ Looks like you launched a headed browser without having a XServer running.                     ║
║ Set either 'headless: true' or use 'xvfb-run <your-playwright-app>' before running Playwright. ║
║                                                                                                ║
║ <3 Playwright Team                                                                             ║
╚════════════════════════════════════════════════════════════════════════════════════════════════╝
Call log:
  - <launching> /home/ubuntu/.cache/ms-playwright/chromium-1169/chrome-linux/chrome --disable-field-trial-config --disable-background-networking --disable-background-timer-throttling --disable-backgrounding-occluded-windows --disable-back-forward-cache --disable-breakpad --disable-client-side-phishing-detection --disable-component-extensions-with-background-pages --disable-component-update --no-default-browser-check --disable-default-apps --disable-dev-shm-usage --disable-extensions --disable-features=AcceptCHFrame,AutoExpandDetailsElement,AvoidUnnecessaryBeforeUnloadCheckSync,CertificateTransparencyComponentUpdater,DeferRendererTasksAfterInput,DestroyProfileOnBrowserClose,DialMediaRouteProvider,ExtensionManifestV2Disabled,GlobalMediaControls,HttpsUpgrades,ImprovedCookieControls,LazyFrameLoading,LensOverlay,MediaRouter,PaintHolding,ThirdPartyStoragePartitioning,Translate --allow-pre-commit-input --disable-hang-monitor --disable-ipc-flooding-protection --disable-popup-blocking --disable-prompt-on-repost --disable-renderer-backgrounding --force-color-profile=srgb --metrics-recording-only --no-first-run --enable-automation --password-store=basic --use-mock-keychain --no-service-autorun --export-tagged-pdf --disable-search-engine-choice-screen --unsafely-disable-devtools-self-xss-warnings --no-sandbox --user-data-dir=/tmp/playwright_chromiumdev_profile-1plN0R --remote-debugging-pipe --no-startup-window
  - <launched> pid=1574980
  - [pid=1574980][err] [1574980:1574980:0625/185236.649284:ERROR:ui/ozone/platform/x11/ozone_platform_x11.cc:249] Missing X server or $DISPLAY
  - [pid=1574980][err] [1574980:1574980:0625/185236.649337:ERROR:ui/aura/env.cc:257] The platform failed to initialize.  Exiting.

2025-06-25 18:52:36,675 - root - INFO - Retrying... Attempt 1 of 2
2025-06-25 18:52:37,161 - root - ERROR - Error while processing the base URL: BrowserType.launch: Target page, context or browser has been closed
Browser logs:

╔════════════════════════════════════════════════════════════════════════════════════════════════╗
║ Looks like you launched a headed browser without having a XServer running.                     ║
║ Set either 'headless: true' or use 'xvfb-run <your-playwright-app>' before running Playwright. ║
║                                                                                                ║
║ <3 Playwright Team                                                                             ║
╚════════════════════════════════════════════════════════════════════════════════════════════════╝
Call log:
  - <launching> /home/ubuntu/.cache/ms-playwright/chromium-1169/chrome-linux/chrome --disable-field-trial-config --disable-background-networking --disable-background-timer-throttling --disable-backgrounding-occluded-windows --disable-back-forward-cache --disable-breakpad --disable-client-side-phishing-detection --disable-component-extensions-with-background-pages --disable-component-update --no-default-browser-check --disable-default-apps --disable-dev-shm-usage --disable-extensions --disable-features=AcceptCHFrame,AutoExpandDetailsElement,AvoidUnnecessaryBeforeUnloadCheckSync,CertificateTransparencyComponentUpdater,DeferRendererTasksAfterInput,DestroyProfileOnBrowserClose,DialMediaRouteProvider,ExtensionManifestV2Disabled,GlobalMediaControls,HttpsUpgrades,ImprovedCookieControls,LazyFrameLoading,LensOverlay,MediaRouter,PaintHolding,ThirdPartyStoragePartitioning,Translate --allow-pre-commit-input --disable-hang-monitor --disable-ipc-flooding-protection --disable-popup-blocking --disable-prompt-on-repost --disable-renderer-backgrounding --force-color-profile=srgb --metrics-recording-only --no-first-run --enable-automation --password-store=basic --use-mock-keychain --no-service-autorun --export-tagged-pdf --disable-search-engine-choice-screen --unsafely-disable-devtools-self-xss-warnings --no-sandbox --user-data-dir=/tmp/playwright_chromiumdev_profile-bCBf1G --remote-debugging-pipe --no-startup-window
  - <launched> pid=1575013
  - [pid=1575013][err] [1575013:1575013:0625/185237.133640:ERROR:ui/ozone/platform/x11/ozone_platform_x11.cc:249] Missing X server or $DISPLAY
  - [pid=1575013][err] [1575013:1575013:0625/185237.133683:ERROR:ui/aura/env.cc:257] The platform failed to initialize.  Exiting.

2025-06-25 18:52:37,161 - root - INFO - Retrying... Attempt 2 of 2
2025-06-25 18:52:37,161 - root - ERROR - Failed to retrieve total number of pages after multiple attempts
2025-06-25 18:52:37,161 - root - ERROR - Could not determine total pages for job: cloud architect
2025-06-25 18:52:37,161 - root - INFO - Generated URL: https://www.welcometothejungle.com/fr/jobs?query=solution%20architect&page=1&aroundQuery=worldwide
2025-06-25 18:52:37,623 - root - ERROR - Error while processing the base URL: BrowserType.launch: Target page, context or browser has been closed
Browser logs:

╔════════════════════════════════════════════════════════════════════════════════════════════════╗
║ Looks like you launched a headed browser without having a XServer running.                     ║
║ Set either 'headless: true' or use 'xvfb-run <your-playwright-app>' before running Playwright. ║
║                                                                                                ║
║ <3 Playwright Team                                                                             ║
╚════════════════════════════════════════════════════════════════════════════════════════════════╝
Call log:
  - <launching> /home/ubuntu/.cache/ms-playwright/chromium-1169/chrome-linux/chrome --disable-field-trial-config --disable-background-networking --disable-background-timer-throttling --disable-backgrounding-occluded-windows --disable-back-forward-cache --disable-breakpad --disable-client-side-phishing-detection --disable-component-extensions-with-background-pages --disable-component-update --no-default-browser-check --disable-default-apps --disable-dev-shm-usage --disable-extensions --disable-features=AcceptCHFrame,AutoExpandDetailsElement,AvoidUnnecessaryBeforeUnloadCheckSync,CertificateTransparencyComponentUpdater,DeferRendererTasksAfterInput,DestroyProfileOnBrowserClose,DialMediaRouteProvider,ExtensionManifestV2Disabled,GlobalMediaControls,HttpsUpgrades,ImprovedCookieControls,LazyFrameLoading,LensOverlay,MediaRouter,PaintHolding,ThirdPartyStoragePartitioning,Translate --allow-pre-commit-input --disable-hang-monitor --disable-ipc-flooding-protection --disable-popup-blocking --disable-prompt-on-repost --disable-renderer-backgrounding --force-color-profile=srgb --metrics-recording-only --no-first-run --enable-automation --password-store=basic --use-mock-keychain --no-service-autorun --export-tagged-pdf --disable-search-engine-choice-screen --unsafely-disable-devtools-self-xss-warnings --no-sandbox --user-data-dir=/tmp/playwright_chromiumdev_profile-UMb46Q --remote-debugging-pipe --no-startup-window
  - <launched> pid=1575046
  - [pid=1575046][err] [1575046:1575046:0625/185237.596511:ERROR:ui/ozone/platform/x11/ozone_platform_x11.cc:249] Missing X server or $DISPLAY
  - [pid=1575046][err] [1575046:1575046:0625/185237.596562:ERROR:ui/aura/env.cc:257] The platform failed to initialize.  Exiting.

2025-06-25 18:52:37,623 - root - INFO - Retrying... Attempt 1 of 2
2025-06-25 18:52:38,079 - root - ERROR - Error while processing the base URL: BrowserType.launch: Target page, context or browser has been closed
Browser logs:

╔════════════════════════════════════════════════════════════════════════════════════════════════╗
║ Looks like you launched a headed browser without having a XServer running.                     ║
║ Set either 'headless: true' or use 'xvfb-run <your-playwright-app>' before running Playwright. ║
║                                                                                                ║
║ <3 Playwright Team                                                                             ║
╚════════════════════════════════════════════════════════════════════════════════════════════════╝
Call log:
  - <launching> /home/ubuntu/.cache/ms-playwright/chromium-1169/chrome-linux/chrome --disable-field-trial-config --disable-background-networking --disable-background-timer-throttling --disable-backgrounding-occluded-windows --disable-back-forward-cache --disable-breakpad --disable-client-side-phishing-detection --disable-component-extensions-with-background-pages --disable-component-update --no-default-browser-check --disable-default-apps --disable-dev-shm-usage --disable-extensions --disable-features=AcceptCHFrame,AutoExpandDetailsElement,AvoidUnnecessaryBeforeUnloadCheckSync,CertificateTransparencyComponentUpdater,DeferRendererTasksAfterInput,DestroyProfileOnBrowserClose,DialMediaRouteProvider,ExtensionManifestV2Disabled,GlobalMediaControls,HttpsUpgrades,ImprovedCookieControls,LazyFrameLoading,LensOverlay,MediaRouter,PaintHolding,ThirdPartyStoragePartitioning,Translate --allow-pre-commit-input --disable-hang-monitor --disable-ipc-flooding-protection --disable-popup-blocking --disable-prompt-on-repost --disable-renderer-backgrounding --force-color-profile=srgb --metrics-recording-only --no-first-run --enable-automation --password-store=basic --use-mock-keychain --no-service-autorun --export-tagged-pdf --disable-search-engine-choice-screen --unsafely-disable-devtools-self-xss-warnings --no-sandbox --user-data-dir=/tmp/playwright_chromiumdev_profile-lenKHu --remote-debugging-pipe --no-startup-window
  - <launched> pid=1575079
  - [pid=1575079][err] [1575079:1575079:0625/185238.051641:ERROR:ui/ozone/platform/x11/ozone_platform_x11.cc:249] Missing X server or $DISPLAY
  - [pid=1575079][err] [1575079:1575079:0625/185238.051688:ERROR:ui/aura/env.cc:257] The platform failed to initialize.  Exiting.

2025-06-25 18:52:38,079 - root - INFO - Retrying... Attempt 2 of 2
2025-06-25 18:52:38,079 - root - ERROR - Failed to retrieve total number of pages after multiple attempts
2025-06-25 18:52:38,080 - root - ERROR - Could not determine total pages for job: solution architect
2025-06-25 18:52:38,080 - root - INFO - Generated URL: https://www.welcometothejungle.com/fr/jobs?query=cloud%20engineer&page=1&aroundQuery=worldwide
2025-06-25 18:52:38,538 - root - ERROR - Error while processing the base URL: BrowserType.launch: Target page, context or browser has been closed
Browser logs:

╔════════════════════════════════════════════════════════════════════════════════════════════════╗
║ Looks like you launched a headed browser without having a XServer running.                     ║
║ Set either 'headless: true' or use 'xvfb-run <your-playwright-app>' before running Playwright. ║
║                                                                                                ║
║ <3 Playwright Team                                                                             ║
╚════════════════════════════════════════════════════════════════════════════════════════════════╝
Call log:
  - <launching> /home/ubuntu/.cache/ms-playwright/chromium-1169/chrome-linux/chrome --disable-field-trial-config --disable-background-networking --disable-background-timer-throttling --disable-backgrounding-occluded-windows --disable-back-forward-cache --disable-breakpad --disable-client-side-phishing-detection --disable-component-extensions-with-background-pages --disable-component-update --no-default-browser-check --disable-default-apps --disable-dev-shm-usage --disable-extensions --disable-features=AcceptCHFrame,AutoExpandDetailsElement,AvoidUnnecessaryBeforeUnloadCheckSync,CertificateTransparencyComponentUpdater,DeferRendererTasksAfterInput,DestroyProfileOnBrowserClose,DialMediaRouteProvider,ExtensionManifestV2Disabled,GlobalMediaControls,HttpsUpgrades,ImprovedCookieControls,LazyFrameLoading,LensOverlay,MediaRouter,PaintHolding,ThirdPartyStoragePartitioning,Translate --allow-pre-commit-input --disable-hang-monitor --disable-ipc-flooding-protection --disable-popup-blocking --disable-prompt-on-repost --disable-renderer-backgrounding --force-color-profile=srgb --metrics-recording-only --no-first-run --enable-automation --password-store=basic --use-mock-keychain --no-service-autorun --export-tagged-pdf --disable-search-engine-choice-screen --unsafely-disable-devtools-self-xss-warnings --no-sandbox --user-data-dir=/tmp/playwright_chromiumdev_profile-F6og28 --remote-debugging-pipe --no-startup-window
  - <launched> pid=1575111
  - [pid=1575111][err] [1575111:1575111:0625/185238.511056:ERROR:ui/ozone/platform/x11/ozone_platform_x11.cc:249] Missing X server or $DISPLAY
  - [pid=1575111][err] [1575111:1575111:0625/185238.511103:ERROR:ui/aura/env.cc:257] The platform failed to initialize.  Exiting.

2025-06-25 18:52:38,538 - root - INFO - Retrying... Attempt 1 of 2
2025-06-25 18:52:38,994 - root - ERROR - Error while processing the base URL: BrowserType.launch: Target page, context or browser has been closed
Browser logs:

╔════════════════════════════════════════════════════════════════════════════════════════════════╗
║ Looks like you launched a headed browser without having a XServer running.                     ║
║ Set either 'headless: true' or use 'xvfb-run <your-playwright-app>' before running Playwright. ║
║                                                                                                ║
║ <3 Playwright Team                                                                             ║
╚════════════════════════════════════════════════════════════════════════════════════════════════╝
Call log:
  - <launching> /home/ubuntu/.cache/ms-playwright/chromium-1169/chrome-linux/chrome --disable-field-trial-config --disable-background-networking --disable-background-timer-throttling --disable-backgrounding-occluded-windows --disable-back-forward-cache --disable-breakpad --disable-client-side-phishing-detection --disable-component-extensions-with-background-pages --disable-component-update --no-default-browser-check --disable-default-apps --disable-dev-shm-usage --disable-extensions --disable-features=AcceptCHFrame,AutoExpandDetailsElement,AvoidUnnecessaryBeforeUnloadCheckSync,CertificateTransparencyComponentUpdater,DeferRendererTasksAfterInput,DestroyProfileOnBrowserClose,DialMediaRouteProvider,ExtensionManifestV2Disabled,GlobalMediaControls,HttpsUpgrades,ImprovedCookieControls,LazyFrameLoading,LensOverlay,MediaRouter,PaintHolding,ThirdPartyStoragePartitioning,Translate --allow-pre-commit-input --disable-hang-monitor --disable-ipc-flooding-protection --disable-popup-blocking --disable-prompt-on-repost --disable-renderer-backgrounding --force-color-profile=srgb --metrics-recording-only --no-first-run --enable-automation --password-store=basic --use-mock-keychain --no-service-autorun --export-tagged-pdf --disable-search-engine-choice-screen --unsafely-disable-devtools-self-xss-warnings --no-sandbox --user-data-dir=/tmp/playwright_chromiumdev_profile-y2yMBg --remote-debugging-pipe --no-startup-window
  - <launched> pid=1575162
  - [pid=1575162][err] [1575162:1575162:0625/185238.970703:ERROR:ui/ozone/platform/x11/ozone_platform_x11.cc:249] Missing X server or $DISPLAY
  - [pid=1575162][err] [1575162:1575162:0625/185238.970789:ERROR:ui/aura/env.cc:257] The platform failed to initialize.  Exiting.

2025-06-25 18:52:38,995 - root - INFO - Retrying... Attempt 2 of 2
2025-06-25 18:52:38,995 - root - ERROR - Failed to retrieve total number of pages after multiple attempts
2025-06-25 18:52:38,995 - root - ERROR - Could not determine total pages for job: cloud engineer
2025-06-25 18:52:38,995 - root - INFO - Generated URL: https://www.welcometothejungle.com/fr/jobs?query=big%20data%20engineer&page=1&aroundQuery=worldwide
2025-06-25 18:52:39,454 - root - ERROR - Error while processing the base URL: BrowserType.launch: Target page, context or browser has been closed
Browser logs:

╔════════════════════════════════════════════════════════════════════════════════════════════════╗
║ Looks like you launched a headed browser without having a XServer running.                     ║
║ Set either 'headless: true' or use 'xvfb-run <your-playwright-app>' before running Playwright. ║
║                                                                                                ║
║ <3 Playwright Team                                                                             ║
╚════════════════════════════════════════════════════════════════════════════════════════════════╝
Call log:
  - <launching> /home/ubuntu/.cache/ms-playwright/chromium-1169/chrome-linux/chrome --disable-field-trial-config --disable-background-networking --disable-background-timer-throttling --disable-backgrounding-occluded-windows --disable-back-forward-cache --disable-breakpad --disable-client-side-phishing-detection --disable-component-extensions-with-background-pages --disable-component-update --no-default-browser-check --disable-default-apps --disable-dev-shm-usage --disable-extensions --disable-features=AcceptCHFrame,AutoExpandDetailsElement,AvoidUnnecessaryBeforeUnloadCheckSync,CertificateTransparencyComponentUpdater,DeferRendererTasksAfterInput,DestroyProfileOnBrowserClose,DialMediaRouteProvider,ExtensionManifestV2Disabled,GlobalMediaControls,HttpsUpgrades,ImprovedCookieControls,LazyFrameLoading,LensOverlay,MediaRouter,PaintHolding,ThirdPartyStoragePartitioning,Translate --allow-pre-commit-input --disable-hang-monitor --disable-ipc-flooding-protection --disable-popup-blocking --disable-prompt-on-repost --disable-renderer-backgrounding --force-color-profile=srgb --metrics-recording-only --no-first-run --enable-automation --password-store=basic --use-mock-keychain --no-service-autorun --export-tagged-pdf --disable-search-engine-choice-screen --unsafely-disable-devtools-self-xss-warnings --no-sandbox --user-data-dir=/tmp/playwright_chromiumdev_profile-CXJzsg --remote-debugging-pipe --no-startup-window
  - <launched> pid=1575195
  - [pid=1575195][err] [1575195:1575195:0625/185239.426428:ERROR:ui/ozone/platform/x11/ozone_platform_x11.cc:249] Missing X server or $DISPLAY
  - [pid=1575195][err] [1575195:1575195:0625/185239.426488:ERROR:ui/aura/env.cc:257] The platform failed to initialize.  Exiting.

2025-06-25 18:52:39,454 - root - INFO - Retrying... Attempt 1 of 2
2025-06-25 18:52:39,918 - root - ERROR - Error while processing the base URL: BrowserType.launch: Target page, context or browser has been closed
Browser logs:

╔════════════════════════════════════════════════════════════════════════════════════════════════╗
║ Looks like you launched a headed browser without having a XServer running.                     ║
║ Set either 'headless: true' or use 'xvfb-run <your-playwright-app>' before running Playwright. ║
║                                                                                                ║
║ <3 Playwright Team                                                                             ║
╚════════════════════════════════════════════════════════════════════════════════════════════════╝
Call log:
  - <launching> /home/ubuntu/.cache/ms-playwright/chromium-1169/chrome-linux/chrome --disable-field-trial-config --disable-background-networking --disable-background-timer-throttling --disable-backgrounding-occluded-windows --disable-back-forward-cache --disable-breakpad --disable-client-side-phishing-detection --disable-component-extensions-with-background-pages --disable-component-update --no-default-browser-check --disable-default-apps --disable-dev-shm-usage --disable-extensions --disable-features=AcceptCHFrame,AutoExpandDetailsElement,AvoidUnnecessaryBeforeUnloadCheckSync,CertificateTransparencyComponentUpdater,DeferRendererTasksAfterInput,DestroyProfileOnBrowserClose,DialMediaRouteProvider,ExtensionManifestV2Disabled,GlobalMediaControls,HttpsUpgrades,ImprovedCookieControls,LazyFrameLoading,LensOverlay,MediaRouter,PaintHolding,ThirdPartyStoragePartitioning,Translate --allow-pre-commit-input --disable-hang-monitor --disable-ipc-flooding-protection --disable-popup-blocking --disable-prompt-on-repost --disable-renderer-backgrounding --force-color-profile=srgb --metrics-recording-only --no-first-run --enable-automation --password-store=basic --use-mock-keychain --no-service-autorun --export-tagged-pdf --disable-search-engine-choice-screen --unsafely-disable-devtools-self-xss-warnings --no-sandbox --user-data-dir=/tmp/playwright_chromiumdev_profile-bWN87v --remote-debugging-pipe --no-startup-window
  - <launched> pid=1575247
  - [pid=1575247][err] [1575247:1575247:0625/185239.892275:ERROR:ui/ozone/platform/x11/ozone_platform_x11.cc:249] Missing X server or $DISPLAY
  - [pid=1575247][err] [1575247:1575247:0625/185239.892323:ERROR:ui/aura/env.cc:257] The platform failed to initialize.  Exiting.

2025-06-25 18:52:39,918 - root - INFO - Retrying... Attempt 2 of 2
2025-06-25 18:52:39,918 - root - ERROR - Failed to retrieve total number of pages after multiple attempts
2025-06-25 18:52:39,918 - root - ERROR - Could not determine total pages for job: big data engineer
2025-06-25 18:52:39,918 - root - INFO - Generated URL: https://www.welcometothejungle.com/fr/jobs?query=Data%20Infrastructure%20Engineer&page=1&aroundQuery=worldwide
2025-06-25 18:52:40,375 - root - ERROR - Error while processing the base URL: BrowserType.launch: Target page, context or browser has been closed
Browser logs:

╔════════════════════════════════════════════════════════════════════════════════════════════════╗
║ Looks like you launched a headed browser without having a XServer running.                     ║
║ Set either 'headless: true' or use 'xvfb-run <your-playwright-app>' before running Playwright. ║
║                                                                                                ║
║ <3 Playwright Team                                                                             ║
╚════════════════════════════════════════════════════════════════════════════════════════════════╝
Call log:
  - <launching> /home/ubuntu/.cache/ms-playwright/chromium-1169/chrome-linux/chrome --disable-field-trial-config --disable-background-networking --disable-background-timer-throttling --disable-backgrounding-occluded-windows --disable-back-forward-cache --disable-breakpad --disable-client-side-phishing-detection --disable-component-extensions-with-background-pages --disable-component-update --no-default-browser-check --disable-default-apps --disable-dev-shm-usage --disable-extensions --disable-features=AcceptCHFrame,AutoExpandDetailsElement,AvoidUnnecessaryBeforeUnloadCheckSync,CertificateTransparencyComponentUpdater,DeferRendererTasksAfterInput,DestroyProfileOnBrowserClose,DialMediaRouteProvider,ExtensionManifestV2Disabled,GlobalMediaControls,HttpsUpgrades,ImprovedCookieControls,LazyFrameLoading,LensOverlay,MediaRouter,PaintHolding,ThirdPartyStoragePartitioning,Translate --allow-pre-commit-input --disable-hang-monitor --disable-ipc-flooding-protection --disable-popup-blocking --disable-prompt-on-repost --disable-renderer-backgrounding --force-color-profile=srgb --metrics-recording-only --no-first-run --enable-automation --password-store=basic --use-mock-keychain --no-service-autorun --export-tagged-pdf --disable-search-engine-choice-screen --unsafely-disable-devtools-self-xss-warnings --no-sandbox --user-data-dir=/tmp/playwright_chromiumdev_profile-FaRMlI --remote-debugging-pipe --no-startup-window
  - <launched> pid=1575280
  - [pid=1575280][err] [1575280:1575280:0625/185240.348533:ERROR:ui/ozone/platform/x11/ozone_platform_x11.cc:249] Missing X server or $DISPLAY
  - [pid=1575280][err] [1575280:1575280:0625/185240.348588:ERROR:ui/aura/env.cc:257] The platform failed to initialize.  Exiting.

2025-06-25 18:52:40,376 - root - INFO - Retrying... Attempt 1 of 2
2025-06-25 18:52:40,840 - root - ERROR - Error while processing the base URL: BrowserType.launch: Target page, context or browser has been closed
Browser logs:

╔════════════════════════════════════════════════════════════════════════════════════════════════╗
║ Looks like you launched a headed browser without having a XServer running.                     ║
║ Set either 'headless: true' or use 'xvfb-run <your-playwright-app>' before running Playwright. ║
║                                                                                                ║
║ <3 Playwright Team                                                                             ║
╚════════════════════════════════════════════════════════════════════════════════════════════════╝
Call log:
  - <launching> /home/ubuntu/.cache/ms-playwright/chromium-1169/chrome-linux/chrome --disable-field-trial-config --disable-background-networking --disable-background-timer-throttling --disable-backgrounding-occluded-windows --disable-back-forward-cache --disable-breakpad --disable-client-side-phishing-detection --disable-component-extensions-with-background-pages --disable-component-update --no-default-browser-check --disable-default-apps --disable-dev-shm-usage --disable-extensions --disable-features=AcceptCHFrame,AutoExpandDetailsElement,AvoidUnnecessaryBeforeUnloadCheckSync,CertificateTransparencyComponentUpdater,DeferRendererTasksAfterInput,DestroyProfileOnBrowserClose,DialMediaRouteProvider,ExtensionManifestV2Disabled,GlobalMediaControls,HttpsUpgrades,ImprovedCookieControls,LazyFrameLoading,LensOverlay,MediaRouter,PaintHolding,ThirdPartyStoragePartitioning,Translate --allow-pre-commit-input --disable-hang-monitor --disable-ipc-flooding-protection --disable-popup-blocking --disable-prompt-on-repost --disable-renderer-backgrounding --force-color-profile=srgb --metrics-recording-only --no-first-run --enable-automation --password-store=basic --use-mock-keychain --no-service-autorun --export-tagged-pdf --disable-search-engine-choice-screen --unsafely-disable-devtools-self-xss-warnings --no-sandbox --user-data-dir=/tmp/playwright_chromiumdev_profile-fspRu5 --remote-debugging-pipe --no-startup-window
  - <launched> pid=1575312
  - [pid=1575312][err] [1575312:1575312:0625/185240.808476:ERROR:ui/ozone/platform/x11/ozone_platform_x11.cc:249] Missing X server or $DISPLAY
  - [pid=1575312][err] [1575312:1575312:0625/185240.808524:ERROR:ui/aura/env.cc:257] The platform failed to initialize.  Exiting.

2025-06-25 18:52:40,841 - root - INFO - Retrying... Attempt 2 of 2
2025-06-25 18:52:40,841 - root - ERROR - Failed to retrieve total number of pages after multiple attempts
2025-06-25 18:52:40,841 - root - ERROR - Could not determine total pages for job: Data Infrastructure Engineer
2025-06-25 18:52:40,841 - root - INFO - Generated URL: https://www.welcometothejungle.com/fr/jobs?query=Data%20Pipeline%20Engineer&page=1&aroundQuery=worldwide
2025-06-25 18:52:41,303 - root - ERROR - Error while processing the base URL: BrowserType.launch: Target page, context or browser has been closed
Browser logs:

╔════════════════════════════════════════════════════════════════════════════════════════════════╗
║ Looks like you launched a headed browser without having a XServer running.                     ║
║ Set either 'headless: true' or use 'xvfb-run <your-playwright-app>' before running Playwright. ║
║                                                                                                ║
║ <3 Playwright Team                                                                             ║
╚════════════════════════════════════════════════════════════════════════════════════════════════╝
Call log:
  - <launching> /home/ubuntu/.cache/ms-playwright/chromium-1169/chrome-linux/chrome --disable-field-trial-config --disable-background-networking --disable-background-timer-throttling --disable-backgrounding-occluded-windows --disable-back-forward-cache --disable-breakpad --disable-client-side-phishing-detection --disable-component-extensions-with-background-pages --disable-component-update --no-default-browser-check --disable-default-apps --disable-dev-shm-usage --disable-extensions --disable-features=AcceptCHFrame,AutoExpandDetailsElement,AvoidUnnecessaryBeforeUnloadCheckSync,CertificateTransparencyComponentUpdater,DeferRendererTasksAfterInput,DestroyProfileOnBrowserClose,DialMediaRouteProvider,ExtensionManifestV2Disabled,GlobalMediaControls,HttpsUpgrades,ImprovedCookieControls,LazyFrameLoading,LensOverlay,MediaRouter,PaintHolding,ThirdPartyStoragePartitioning,Translate --allow-pre-commit-input --disable-hang-monitor --disable-ipc-flooding-protection --disable-popup-blocking --disable-prompt-on-repost --disable-renderer-backgrounding --force-color-profile=srgb --metrics-recording-only --no-first-run --enable-automation --password-store=basic --use-mock-keychain --no-service-autorun --export-tagged-pdf --disable-search-engine-choice-screen --unsafely-disable-devtools-self-xss-warnings --no-sandbox --user-data-dir=/tmp/playwright_chromiumdev_profile-N6HLK0 --remote-debugging-pipe --no-startup-window
  - <launched> pid=1575345
  - [pid=1575345][err] [1575345:1575345:0625/185241.276344:ERROR:ui/ozone/platform/x11/ozone_platform_x11.cc:249] Missing X server or $DISPLAY
  - [pid=1575345][err] [1575345:1575345:0625/185241.276394:ERROR:ui/aura/env.cc:257] The platform failed to initialize.  Exiting.

2025-06-25 18:52:41,303 - root - INFO - Retrying... Attempt 1 of 2
2025-06-25 18:52:41,772 - root - ERROR - Error while processing the base URL: BrowserType.launch: Target page, context or browser has been closed
Browser logs:

╔════════════════════════════════════════════════════════════════════════════════════════════════╗
║ Looks like you launched a headed browser without having a XServer running.                     ║
║ Set either 'headless: true' or use 'xvfb-run <your-playwright-app>' before running Playwright. ║
║                                                                                                ║
║ <3 Playwright Team                                                                             ║
╚════════════════════════════════════════════════════════════════════════════════════════════════╝
Call log:
  - <launching> /home/ubuntu/.cache/ms-playwright/chromium-1169/chrome-linux/chrome --disable-field-trial-config --disable-background-networking --disable-background-timer-throttling --disable-backgrounding-occluded-windows --disable-back-forward-cache --disable-breakpad --disable-client-side-phishing-detection --disable-component-extensions-with-background-pages --disable-component-update --no-default-browser-check --disable-default-apps --disable-dev-shm-usage --disable-extensions --disable-features=AcceptCHFrame,AutoExpandDetailsElement,AvoidUnnecessaryBeforeUnloadCheckSync,CertificateTransparencyComponentUpdater,DeferRendererTasksAfterInput,DestroyProfileOnBrowserClose,DialMediaRouteProvider,ExtensionManifestV2Disabled,GlobalMediaControls,HttpsUpgrades,ImprovedCookieControls,LazyFrameLoading,LensOverlay,MediaRouter,PaintHolding,ThirdPartyStoragePartitioning,Translate --allow-pre-commit-input --disable-hang-monitor --disable-ipc-flooding-protection --disable-popup-blocking --disable-prompt-on-repost --disable-renderer-backgrounding --force-color-profile=srgb --metrics-recording-only --no-first-run --enable-automation --password-store=basic --use-mock-keychain --no-service-autorun --export-tagged-pdf --disable-search-engine-choice-screen --unsafely-disable-devtools-self-xss-warnings --no-sandbox --user-data-dir=/tmp/playwright_chromiumdev_profile-MJdg7w --remote-debugging-pipe --no-startup-window
  - <launched> pid=1575378
  - [pid=1575378][err] [1575378:1575378:0625/185241.738511:ERROR:ui/ozone/platform/x11/ozone_platform_x11.cc:249] Missing X server or $DISPLAY
  - [pid=1575378][err] [1575378:1575378:0625/185241.738564:ERROR:ui/aura/env.cc:257] The platform failed to initialize.  Exiting.

2025-06-25 18:52:41,772 - root - INFO - Retrying... Attempt 2 of 2
2025-06-25 18:52:41,772 - root - ERROR - Failed to retrieve total number of pages after multiple attempts
2025-06-25 18:52:41,772 - root - ERROR - Could not determine total pages for job: Data Pipeline Engineer
2025-06-25 18:52:41,772 - root - INFO - Generated URL: https://www.welcometothejungle.com/fr/jobs?query=ETL%20Developer&page=1&aroundQuery=worldwide
2025-06-25 18:52:42,238 - root - ERROR - Error while processing the base URL: BrowserType.launch: Target page, context or browser has been closed
Browser logs:

╔════════════════════════════════════════════════════════════════════════════════════════════════╗
║ Looks like you launched a headed browser without having a XServer running.                     ║
║ Set either 'headless: true' or use 'xvfb-run <your-playwright-app>' before running Playwright. ║
║                                                                                                ║
║ <3 Playwright Team                                                                             ║
╚════════════════════════════════════════════════════════════════════════════════════════════════╝
Call log:
  - <launching> /home/ubuntu/.cache/ms-playwright/chromium-1169/chrome-linux/chrome --disable-field-trial-config --disable-background-networking --disable-background-timer-throttling --disable-backgrounding-occluded-windows --disable-back-forward-cache --disable-breakpad --disable-client-side-phishing-detection --disable-component-extensions-with-background-pages --disable-component-update --no-default-browser-check --disable-default-apps --disable-dev-shm-usage --disable-extensions --disable-features=AcceptCHFrame,AutoExpandDetailsElement,AvoidUnnecessaryBeforeUnloadCheckSync,CertificateTransparencyComponentUpdater,DeferRendererTasksAfterInput,DestroyProfileOnBrowserClose,DialMediaRouteProvider,ExtensionManifestV2Disabled,GlobalMediaControls,HttpsUpgrades,ImprovedCookieControls,LazyFrameLoading,LensOverlay,MediaRouter,PaintHolding,ThirdPartyStoragePartitioning,Translate --allow-pre-commit-input --disable-hang-monitor --disable-ipc-flooding-protection --disable-popup-blocking --disable-prompt-on-repost --disable-renderer-backgrounding --force-color-profile=srgb --metrics-recording-only --no-first-run --enable-automation --password-store=basic --use-mock-keychain --no-service-autorun --export-tagged-pdf --disable-search-engine-choice-screen --unsafely-disable-devtools-self-xss-warnings --no-sandbox --user-data-dir=/tmp/playwright_chromiumdev_profile-9ykl9V --remote-debugging-pipe --no-startup-window
  - <launched> pid=1575412
  - [pid=1575412][err] [1575412:1575412:0625/185242.207413:ERROR:ui/ozone/platform/x11/ozone_platform_x11.cc:249] Missing X server or $DISPLAY
  - [pid=1575412][err] [1575412:1575412:0625/185242.207459:ERROR:ui/aura/env.cc:257] The platform failed to initialize.  Exiting.

2025-06-25 18:52:42,238 - root - INFO - Retrying... Attempt 1 of 2
2025-06-25 18:52:42,711 - root - ERROR - Error while processing the base URL: BrowserType.launch: Target page, context or browser has been closed
Browser logs:

╔════════════════════════════════════════════════════════════════════════════════════════════════╗
║ Looks like you launched a headed browser without having a XServer running.                     ║
║ Set either 'headless: true' or use 'xvfb-run <your-playwright-app>' before running Playwright. ║
║                                                                                                ║
║ <3 Playwright Team                                                                             ║
╚════════════════════════════════════════════════════════════════════════════════════════════════╝
Call log:
  - <launching> /home/ubuntu/.cache/ms-playwright/chromium-1169/chrome-linux/chrome --disable-field-trial-config --disable-background-networking --disable-background-timer-throttling --disable-backgrounding-occluded-windows --disable-back-forward-cache --disable-breakpad --disable-client-side-phishing-detection --disable-component-extensions-with-background-pages --disable-component-update --no-default-browser-check --disable-default-apps --disable-dev-shm-usage --disable-extensions --disable-features=AcceptCHFrame,AutoExpandDetailsElement,AvoidUnnecessaryBeforeUnloadCheckSync,CertificateTransparencyComponentUpdater,DeferRendererTasksAfterInput,DestroyProfileOnBrowserClose,DialMediaRouteProvider,ExtensionManifestV2Disabled,GlobalMediaControls,HttpsUpgrades,ImprovedCookieControls,LazyFrameLoading,LensOverlay,MediaRouter,PaintHolding,ThirdPartyStoragePartitioning,Translate --allow-pre-commit-input --disable-hang-monitor --disable-ipc-flooding-protection --disable-popup-blocking --disable-prompt-on-repost --disable-renderer-backgrounding --force-color-profile=srgb --metrics-recording-only --no-first-run --enable-automation --password-store=basic --use-mock-keychain --no-service-autorun --export-tagged-pdf --disable-search-engine-choice-screen --unsafely-disable-devtools-self-xss-warnings --no-sandbox --user-data-dir=/tmp/playwright_chromiumdev_profile-qS0KZO --remote-debugging-pipe --no-startup-window
  - <launched> pid=1575445
  - [pid=1575445][err] [1575445:1575445:0625/185242.676668:ERROR:ui/ozone/platform/x11/ozone_platform_x11.cc:249] Missing X server or $DISPLAY
  - [pid=1575445][err] [1575445:1575445:0625/185242.676720:ERROR:ui/aura/env.cc:257] The platform failed to initialize.  Exiting.

2025-06-25 18:52:42,711 - root - INFO - Retrying... Attempt 2 of 2
2025-06-25 18:52:42,711 - root - ERROR - Failed to retrieve total number of pages after multiple attempts
2025-06-25 18:52:42,711 - root - ERROR - Could not determine total pages for job: ETL Developer
2025-06-25 18:52:42,711 - root - INFO - Generated URL: https://www.welcometothejungle.com/fr/jobs?query=sysops&page=1&aroundQuery=worldwide
2025-06-25 18:52:43,184 - root - ERROR - Error while processing the base URL: BrowserType.launch: Target page, context or browser has been closed
Browser logs:

╔════════════════════════════════════════════════════════════════════════════════════════════════╗
║ Looks like you launched a headed browser without having a XServer running.                     ║
║ Set either 'headless: true' or use 'xvfb-run <your-playwright-app>' before running Playwright. ║
║                                                                                                ║
║ <3 Playwright Team                                                                             ║
╚════════════════════════════════════════════════════════════════════════════════════════════════╝
Call log:
  - <launching> /home/ubuntu/.cache/ms-playwright/chromium-1169/chrome-linux/chrome --disable-field-trial-config --disable-background-networking --disable-background-timer-throttling --disable-backgrounding-occluded-windows --disable-back-forward-cache --disable-breakpad --disable-client-side-phishing-detection --disable-component-extensions-with-background-pages --disable-component-update --no-default-browser-check --disable-default-apps --disable-dev-shm-usage --disable-extensions --disable-features=AcceptCHFrame,AutoExpandDetailsElement,AvoidUnnecessaryBeforeUnloadCheckSync,CertificateTransparencyComponentUpdater,DeferRendererTasksAfterInput,DestroyProfileOnBrowserClose,DialMediaRouteProvider,ExtensionManifestV2Disabled,GlobalMediaControls,HttpsUpgrades,ImprovedCookieControls,LazyFrameLoading,LensOverlay,MediaRouter,PaintHolding,ThirdPartyStoragePartitioning,Translate --allow-pre-commit-input --disable-hang-monitor --disable-ipc-flooding-protection --disable-popup-blocking --disable-prompt-on-repost --disable-renderer-backgrounding --force-color-profile=srgb --metrics-recording-only --no-first-run --enable-automation --password-store=basic --use-mock-keychain --no-service-autorun --export-tagged-pdf --disable-search-engine-choice-screen --unsafely-disable-devtools-self-xss-warnings --no-sandbox --user-data-dir=/tmp/playwright_chromiumdev_profile-rSYMkN --remote-debugging-pipe --no-startup-window
  - <launched> pid=1575478
  - [pid=1575478][err] [1575478:1575478:0625/185243.157648:ERROR:ui/ozone/platform/x11/ozone_platform_x11.cc:249] Missing X server or $DISPLAY
  - [pid=1575478][err] [1575478:1575478:0625/185243.157698:ERROR:ui/aura/env.cc:257] The platform failed to initialize.  Exiting.

2025-06-25 18:52:43,184 - root - INFO - Retrying... Attempt 1 of 2
2025-06-25 18:52:43,644 - root - ERROR - Error while processing the base URL: BrowserType.launch: Target page, context or browser has been closed
Browser logs:

╔════════════════════════════════════════════════════════════════════════════════════════════════╗
║ Looks like you launched a headed browser without having a XServer running.                     ║
║ Set either 'headless: true' or use 'xvfb-run <your-playwright-app>' before running Playwright. ║
║                                                                                                ║
║ <3 Playwright Team                                                                             ║
╚════════════════════════════════════════════════════════════════════════════════════════════════╝
Call log:
  - <launching> /home/ubuntu/.cache/ms-playwright/chromium-1169/chrome-linux/chrome --disable-field-trial-config --disable-background-networking --disable-background-timer-throttling --disable-backgrounding-occluded-windows --disable-back-forward-cache --disable-breakpad --disable-client-side-phishing-detection --disable-component-extensions-with-background-pages --disable-component-update --no-default-browser-check --disable-default-apps --disable-dev-shm-usage --disable-extensions --disable-features=AcceptCHFrame,AutoExpandDetailsElement,AvoidUnnecessaryBeforeUnloadCheckSync,CertificateTransparencyComponentUpdater,DeferRendererTasksAfterInput,DestroyProfileOnBrowserClose,DialMediaRouteProvider,ExtensionManifestV2Disabled,GlobalMediaControls,HttpsUpgrades,ImprovedCookieControls,LazyFrameLoading,LensOverlay,MediaRouter,PaintHolding,ThirdPartyStoragePartitioning,Translate --allow-pre-commit-input --disable-hang-monitor --disable-ipc-flooding-protection --disable-popup-blocking --disable-prompt-on-repost --disable-renderer-backgrounding --force-color-profile=srgb --metrics-recording-only --no-first-run --enable-automation --password-store=basic --use-mock-keychain --no-service-autorun --export-tagged-pdf --disable-search-engine-choice-screen --unsafely-disable-devtools-self-xss-warnings --no-sandbox --user-data-dir=/tmp/playwright_chromiumdev_profile-zlg6gA --remote-debugging-pipe --no-startup-window
  - <launched> pid=1575510
  - [pid=1575510][err] [1575510:1575510:0625/185243.616819:ERROR:ui/ozone/platform/x11/ozone_platform_x11.cc:249] Missing X server or $DISPLAY
  - [pid=1575510][err] [1575510:1575510:0625/185243.616867:ERROR:ui/aura/env.cc:257] The platform failed to initialize.  Exiting.

2025-06-25 18:52:43,644 - root - INFO - Retrying... Attempt 2 of 2
2025-06-25 18:52:43,644 - root - ERROR - Failed to retrieve total number of pages after multiple attempts
2025-06-25 18:52:43,644 - root - ERROR - Could not determine total pages for job: sysops
2025-06-25 18:53:05,271 - root - INFO - Generated URL: https://www.welcometothejungle.com/fr/jobs?query=data%20architect&page=1&aroundQuery=worldwide
2025-06-25 18:53:05,756 - root - ERROR - Error while processing the base URL: BrowserType.launch: Target page, context or browser has been closed
Browser logs:

╔════════════════════════════════════════════════════════════════════════════════════════════════╗
║ Looks like you launched a headed browser without having a XServer running.                     ║
║ Set either 'headless: true' or use 'xvfb-run <your-playwright-app>' before running Playwright. ║
║                                                                                                ║
║ <3 Playwright Team                                                                             ║
╚════════════════════════════════════════════════════════════════════════════════════════════════╝
Call log:
  - <launching> /home/ubuntu/.cache/ms-playwright/chromium-1169/chrome-linux/chrome --disable-field-trial-config --disable-background-networking --disable-background-timer-throttling --disable-backgrounding-occluded-windows --disable-back-forward-cache --disable-breakpad --disable-client-side-phishing-detection --disable-component-extensions-with-background-pages --disable-component-update --no-default-browser-check --disable-default-apps --disable-dev-shm-usage --disable-extensions --disable-features=AcceptCHFrame,AutoExpandDetailsElement,AvoidUnnecessaryBeforeUnloadCheckSync,CertificateTransparencyComponentUpdater,DeferRendererTasksAfterInput,DestroyProfileOnBrowserClose,DialMediaRouteProvider,ExtensionManifestV2Disabled,GlobalMediaControls,HttpsUpgrades,ImprovedCookieControls,LazyFrameLoading,LensOverlay,MediaRouter,PaintHolding,ThirdPartyStoragePartitioning,Translate --allow-pre-commit-input --disable-hang-monitor --disable-ipc-flooding-protection --disable-popup-blocking --disable-prompt-on-repost --disable-renderer-backgrounding --force-color-profile=srgb --metrics-recording-only --no-first-run --enable-automation --password-store=basic --use-mock-keychain --no-service-autorun --export-tagged-pdf --disable-search-engine-choice-screen --unsafely-disable-devtools-self-xss-warnings --no-sandbox --user-data-dir=/tmp/playwright_chromiumdev_profile-8RKMd8 --remote-debugging-pipe --no-startup-window
  - <launched> pid=1575686
  - [pid=1575686][err] [1575686:1575686:0625/185305.728642:ERROR:ui/ozone/platform/x11/ozone_platform_x11.cc:249] Missing X server or $DISPLAY
  - [pid=1575686][err] [1575686:1575686:0625/185305.729510:ERROR:ui/aura/env.cc:257] The platform failed to initialize.  Exiting.

2025-06-25 18:53:05,756 - root - INFO - Retrying... Attempt 1 of 2
2025-06-25 18:53:06,214 - root - ERROR - Error while processing the base URL: BrowserType.launch: Target page, context or browser has been closed
Browser logs:

╔════════════════════════════════════════════════════════════════════════════════════════════════╗
║ Looks like you launched a headed browser without having a XServer running.                     ║
║ Set either 'headless: true' or use 'xvfb-run <your-playwright-app>' before running Playwright. ║
║                                                                                                ║
║ <3 Playwright Team                                                                             ║
╚════════════════════════════════════════════════════════════════════════════════════════════════╝
Call log:
  - <launching> /home/ubuntu/.cache/ms-playwright/chromium-1169/chrome-linux/chrome --disable-field-trial-config --disable-background-networking --disable-background-timer-throttling --disable-backgrounding-occluded-windows --disable-back-forward-cache --disable-breakpad --disable-client-side-phishing-detection --disable-component-extensions-with-background-pages --disable-component-update --no-default-browser-check --disable-default-apps --disable-dev-shm-usage --disable-extensions --disable-features=AcceptCHFrame,AutoExpandDetailsElement,AvoidUnnecessaryBeforeUnloadCheckSync,CertificateTransparencyComponentUpdater,DeferRendererTasksAfterInput,DestroyProfileOnBrowserClose,DialMediaRouteProvider,ExtensionManifestV2Disabled,GlobalMediaControls,HttpsUpgrades,ImprovedCookieControls,LazyFrameLoading,LensOverlay,MediaRouter,PaintHolding,ThirdPartyStoragePartitioning,Translate --allow-pre-commit-input --disable-hang-monitor --disable-ipc-flooding-protection --disable-popup-blocking --disable-prompt-on-repost --disable-renderer-backgrounding --force-color-profile=srgb --metrics-recording-only --no-first-run --enable-automation --password-store=basic --use-mock-keychain --no-service-autorun --export-tagged-pdf --disable-search-engine-choice-screen --unsafely-disable-devtools-self-xss-warnings --no-sandbox --user-data-dir=/tmp/playwright_chromiumdev_profile-2flj8J --remote-debugging-pipe --no-startup-window
  - <launched> pid=1575723
  - [pid=1575723][err] [1575723:1575723:0625/185306.190606:ERROR:ui/ozone/platform/x11/ozone_platform_x11.cc:249] Missing X server or $DISPLAY
  - [pid=1575723][err] [1575723:1575723:0625/185306.190654:ERROR:ui/aura/env.cc:257] The platform failed to initialize.  Exiting.

2025-06-25 18:53:06,214 - root - INFO - Retrying... Attempt 2 of 2
2025-06-25 18:53:06,215 - root - ERROR - Failed to retrieve total number of pages after multiple attempts
2025-06-25 18:53:06,215 - root - ERROR - Could not determine total pages for job: data architect
2025-06-25 18:53:06,215 - root - INFO - Generated URL: https://www.welcometothejungle.com/fr/jobs?query=data%20engineer&page=1&aroundQuery=worldwide
2025-06-25 18:53:06,670 - root - ERROR - Error while processing the base URL: BrowserType.launch: Target page, context or browser has been closed
Browser logs:

╔════════════════════════════════════════════════════════════════════════════════════════════════╗
║ Looks like you launched a headed browser without having a XServer running.                     ║
║ Set either 'headless: true' or use 'xvfb-run <your-playwright-app>' before running Playwright. ║
║                                                                                                ║
║ <3 Playwright Team                                                                             ║
╚════════════════════════════════════════════════════════════════════════════════════════════════╝
Call log:
  - <launching> /home/ubuntu/.cache/ms-playwright/chromium-1169/chrome-linux/chrome --disable-field-trial-config --disable-background-networking --disable-background-timer-throttling --disable-backgrounding-occluded-windows --disable-back-forward-cache --disable-breakpad --disable-client-side-phishing-detection --disable-component-extensions-with-background-pages --disable-component-update --no-default-browser-check --disable-default-apps --disable-dev-shm-usage --disable-extensions --disable-features=AcceptCHFrame,AutoExpandDetailsElement,AvoidUnnecessaryBeforeUnloadCheckSync,CertificateTransparencyComponentUpdater,DeferRendererTasksAfterInput,DestroyProfileOnBrowserClose,DialMediaRouteProvider,ExtensionManifestV2Disabled,GlobalMediaControls,HttpsUpgrades,ImprovedCookieControls,LazyFrameLoading,LensOverlay,MediaRouter,PaintHolding,ThirdPartyStoragePartitioning,Translate --allow-pre-commit-input --disable-hang-monitor --disable-ipc-flooding-protection --disable-popup-blocking --disable-prompt-on-repost --disable-renderer-backgrounding --force-color-profile=srgb --metrics-recording-only --no-first-run --enable-automation --password-store=basic --use-mock-keychain --no-service-autorun --export-tagged-pdf --disable-search-engine-choice-screen --unsafely-disable-devtools-self-xss-warnings --no-sandbox --user-data-dir=/tmp/playwright_chromiumdev_profile-sUJQSf --remote-debugging-pipe --no-startup-window
  - <launched> pid=1575755
  - [pid=1575755][err] [1575755:1575755:0625/185306.645406:ERROR:ui/ozone/platform/x11/ozone_platform_x11.cc:249] Missing X server or $DISPLAY
  - [pid=1575755][err] [1575755:1575755:0625/185306.645454:ERROR:ui/aura/env.cc:257] The platform failed to initialize.  Exiting.

2025-06-25 18:53:06,670 - root - INFO - Retrying... Attempt 1 of 2
2025-06-25 18:53:07,130 - root - ERROR - Error while processing the base URL: BrowserType.launch: Target page, context or browser has been closed
Browser logs:

╔════════════════════════════════════════════════════════════════════════════════════════════════╗
║ Looks like you launched a headed browser without having a XServer running.                     ║
║ Set either 'headless: true' or use 'xvfb-run <your-playwright-app>' before running Playwright. ║
║                                                                                                ║
║ <3 Playwright Team                                                                             ║
╚════════════════════════════════════════════════════════════════════════════════════════════════╝
Call log:
  - <launching> /home/ubuntu/.cache/ms-playwright/chromium-1169/chrome-linux/chrome --disable-field-trial-config --disable-background-networking --disable-background-timer-throttling --disable-backgrounding-occluded-windows --disable-back-forward-cache --disable-breakpad --disable-client-side-phishing-detection --disable-component-extensions-with-background-pages --disable-component-update --no-default-browser-check --disable-default-apps --disable-dev-shm-usage --disable-extensions --disable-features=AcceptCHFrame,AutoExpandDetailsElement,AvoidUnnecessaryBeforeUnloadCheckSync,CertificateTransparencyComponentUpdater,DeferRendererTasksAfterInput,DestroyProfileOnBrowserClose,DialMediaRouteProvider,ExtensionManifestV2Disabled,GlobalMediaControls,HttpsUpgrades,ImprovedCookieControls,LazyFrameLoading,LensOverlay,MediaRouter,PaintHolding,ThirdPartyStoragePartitioning,Translate --allow-pre-commit-input --disable-hang-monitor --disable-ipc-flooding-protection --disable-popup-blocking --disable-prompt-on-repost --disable-renderer-backgrounding --force-color-profile=srgb --metrics-recording-only --no-first-run --enable-automation --password-store=basic --use-mock-keychain --no-service-autorun --export-tagged-pdf --disable-search-engine-choice-screen --unsafely-disable-devtools-self-xss-warnings --no-sandbox --user-data-dir=/tmp/playwright_chromiumdev_profile-CmhVuv --remote-debugging-pipe --no-startup-window
  - <launched> pid=1575808
  - [pid=1575808][err] [1575808:1575808:0625/185307.105226:ERROR:ui/ozone/platform/x11/ozone_platform_x11.cc:249] Missing X server or $DISPLAY
  - [pid=1575808][err] [1575808:1575808:0625/185307.105281:ERROR:ui/aura/env.cc:257] The platform failed to initialize.  Exiting.

2025-06-25 18:53:07,131 - root - INFO - Retrying... Attempt 2 of 2
2025-06-25 18:53:07,131 - root - ERROR - Failed to retrieve total number of pages after multiple attempts
2025-06-25 18:53:07,131 - root - ERROR - Could not determine total pages for job: data engineer
2025-06-25 18:53:07,131 - root - INFO - Generated URL: https://www.welcometothejungle.com/fr/jobs?query=data%20scientist&page=1&aroundQuery=worldwide
2025-06-25 18:53:07,594 - root - ERROR - Error while processing the base URL: BrowserType.launch: Target page, context or browser has been closed
Browser logs:

╔════════════════════════════════════════════════════════════════════════════════════════════════╗
║ Looks like you launched a headed browser without having a XServer running.                     ║
║ Set either 'headless: true' or use 'xvfb-run <your-playwright-app>' before running Playwright. ║
║                                                                                                ║
║ <3 Playwright Team                                                                             ║
╚════════════════════════════════════════════════════════════════════════════════════════════════╝
Call log:
  - <launching> /home/ubuntu/.cache/ms-playwright/chromium-1169/chrome-linux/chrome --disable-field-trial-config --disable-background-networking --disable-background-timer-throttling --disable-backgrounding-occluded-windows --disable-back-forward-cache --disable-breakpad --disable-client-side-phishing-detection --disable-component-extensions-with-background-pages --disable-component-update --no-default-browser-check --disable-default-apps --disable-dev-shm-usage --disable-extensions --disable-features=AcceptCHFrame,AutoExpandDetailsElement,AvoidUnnecessaryBeforeUnloadCheckSync,CertificateTransparencyComponentUpdater,DeferRendererTasksAfterInput,DestroyProfileOnBrowserClose,DialMediaRouteProvider,ExtensionManifestV2Disabled,GlobalMediaControls,HttpsUpgrades,ImprovedCookieControls,LazyFrameLoading,LensOverlay,MediaRouter,PaintHolding,ThirdPartyStoragePartitioning,Translate --allow-pre-commit-input --disable-hang-monitor --disable-ipc-flooding-protection --disable-popup-blocking --disable-prompt-on-repost --disable-renderer-backgrounding --force-color-profile=srgb --metrics-recording-only --no-first-run --enable-automation --password-store=basic --use-mock-keychain --no-service-autorun --export-tagged-pdf --disable-search-engine-choice-screen --unsafely-disable-devtools-self-xss-warnings --no-sandbox --user-data-dir=/tmp/playwright_chromiumdev_profile-hVY6As --remote-debugging-pipe --no-startup-window
  - <launched> pid=1575841
  - [pid=1575841][err] [1575841:1575841:0625/185307.563954:ERROR:ui/ozone/platform/x11/ozone_platform_x11.cc:249] Missing X server or $DISPLAY
  - [pid=1575841][err] [1575841:1575841:0625/185307.564007:ERROR:ui/aura/env.cc:257] The platform failed to initialize.  Exiting.

2025-06-25 18:53:07,595 - root - INFO - Retrying... Attempt 1 of 2
2025-06-25 18:53:08,050 - root - ERROR - Error while processing the base URL: BrowserType.launch: Target page, context or browser has been closed
Browser logs:

╔════════════════════════════════════════════════════════════════════════════════════════════════╗
║ Looks like you launched a headed browser without having a XServer running.                     ║
║ Set either 'headless: true' or use 'xvfb-run <your-playwright-app>' before running Playwright. ║
║                                                                                                ║
║ <3 Playwright Team                                                                             ║
╚════════════════════════════════════════════════════════════════════════════════════════════════╝
Call log:
  - <launching> /home/ubuntu/.cache/ms-playwright/chromium-1169/chrome-linux/chrome --disable-field-trial-config --disable-background-networking --disable-background-timer-throttling --disable-backgrounding-occluded-windows --disable-back-forward-cache --disable-breakpad --disable-client-side-phishing-detection --disable-component-extensions-with-background-pages --disable-component-update --no-default-browser-check --disable-default-apps --disable-dev-shm-usage --disable-extensions --disable-features=AcceptCHFrame,AutoExpandDetailsElement,AvoidUnnecessaryBeforeUnloadCheckSync,CertificateTransparencyComponentUpdater,DeferRendererTasksAfterInput,DestroyProfileOnBrowserClose,DialMediaRouteProvider,ExtensionManifestV2Disabled,GlobalMediaControls,HttpsUpgrades,ImprovedCookieControls,LazyFrameLoading,LensOverlay,MediaRouter,PaintHolding,ThirdPartyStoragePartitioning,Translate --allow-pre-commit-input --disable-hang-monitor --disable-ipc-flooding-protection --disable-popup-blocking --disable-prompt-on-repost --disable-renderer-backgrounding --force-color-profile=srgb --metrics-recording-only --no-first-run --enable-automation --password-store=basic --use-mock-keychain --no-service-autorun --export-tagged-pdf --disable-search-engine-choice-screen --unsafely-disable-devtools-self-xss-warnings --no-sandbox --user-data-dir=/tmp/playwright_chromiumdev_profile-aNWOGw --remote-debugging-pipe --no-startup-window
  - <launched> pid=1575873
  - [pid=1575873][err] [1575873:1575873:0625/185308.025454:ERROR:ui/ozone/platform/x11/ozone_platform_x11.cc:249] Missing X server or $DISPLAY
  - [pid=1575873][err] [1575873:1575873:0625/185308.025497:ERROR:ui/aura/env.cc:257] The platform failed to initialize.  Exiting.

2025-06-25 18:53:08,050 - root - INFO - Retrying... Attempt 2 of 2
2025-06-25 18:53:08,050 - root - ERROR - Failed to retrieve total number of pages after multiple attempts
2025-06-25 18:53:08,050 - root - ERROR - Could not determine total pages for job: data scientist
2025-06-25 18:53:08,050 - root - INFO - Generated URL: https://www.welcometothejungle.com/fr/jobs?query=data%20analyst&page=1&aroundQuery=worldwide
2025-06-25 18:53:08,509 - root - ERROR - Error while processing the base URL: BrowserType.launch: Target page, context or browser has been closed
Browser logs:

╔════════════════════════════════════════════════════════════════════════════════════════════════╗
║ Looks like you launched a headed browser without having a XServer running.                     ║
║ Set either 'headless: true' or use 'xvfb-run <your-playwright-app>' before running Playwright. ║
║                                                                                                ║
║ <3 Playwright Team                                                                             ║
╚════════════════════════════════════════════════════════════════════════════════════════════════╝
Call log:
  - <launching> /home/ubuntu/.cache/ms-playwright/chromium-1169/chrome-linux/chrome --disable-field-trial-config --disable-background-networking --disable-background-timer-throttling --disable-backgrounding-occluded-windows --disable-back-forward-cache --disable-breakpad --disable-client-side-phishing-detection --disable-component-extensions-with-background-pages --disable-component-update --no-default-browser-check --disable-default-apps --disable-dev-shm-usage --disable-extensions --disable-features=AcceptCHFrame,AutoExpandDetailsElement,AvoidUnnecessaryBeforeUnloadCheckSync,CertificateTransparencyComponentUpdater,DeferRendererTasksAfterInput,DestroyProfileOnBrowserClose,DialMediaRouteProvider,ExtensionManifestV2Disabled,GlobalMediaControls,HttpsUpgrades,ImprovedCookieControls,LazyFrameLoading,LensOverlay,MediaRouter,PaintHolding,ThirdPartyStoragePartitioning,Translate --allow-pre-commit-input --disable-hang-monitor --disable-ipc-flooding-protection --disable-popup-blocking --disable-prompt-on-repost --disable-renderer-backgrounding --force-color-profile=srgb --metrics-recording-only --no-first-run --enable-automation --password-store=basic --use-mock-keychain --no-service-autorun --export-tagged-pdf --disable-search-engine-choice-screen --unsafely-disable-devtools-self-xss-warnings --no-sandbox --user-data-dir=/tmp/playwright_chromiumdev_profile-eT6mJs --remote-debugging-pipe --no-startup-window
  - <launched> pid=1575906
  - [pid=1575906][err] [1575906:1575906:0625/185308.481655:ERROR:ui/ozone/platform/x11/ozone_platform_x11.cc:249] Missing X server or $DISPLAY
  - [pid=1575906][err] [1575906:1575906:0625/185308.481701:ERROR:ui/aura/env.cc:257] The platform failed to initialize.  Exiting.

2025-06-25 18:53:08,509 - root - INFO - Retrying... Attempt 1 of 2
2025-06-25 18:53:08,968 - root - ERROR - Error while processing the base URL: BrowserType.launch: Target page, context or browser has been closed
Browser logs:

╔════════════════════════════════════════════════════════════════════════════════════════════════╗
║ Looks like you launched a headed browser without having a XServer running.                     ║
║ Set either 'headless: true' or use 'xvfb-run <your-playwright-app>' before running Playwright. ║
║                                                                                                ║
║ <3 Playwright Team                                                                             ║
╚════════════════════════════════════════════════════════════════════════════════════════════════╝
Call log:
  - <launching> /home/ubuntu/.cache/ms-playwright/chromium-1169/chrome-linux/chrome --disable-field-trial-config --disable-background-networking --disable-background-timer-throttling --disable-backgrounding-occluded-windows --disable-back-forward-cache --disable-breakpad --disable-client-side-phishing-detection --disable-component-extensions-with-background-pages --disable-component-update --no-default-browser-check --disable-default-apps --disable-dev-shm-usage --disable-extensions --disable-features=AcceptCHFrame,AutoExpandDetailsElement,AvoidUnnecessaryBeforeUnloadCheckSync,CertificateTransparencyComponentUpdater,DeferRendererTasksAfterInput,DestroyProfileOnBrowserClose,DialMediaRouteProvider,ExtensionManifestV2Disabled,GlobalMediaControls,HttpsUpgrades,ImprovedCookieControls,LazyFrameLoading,LensOverlay,MediaRouter,PaintHolding,ThirdPartyStoragePartitioning,Translate --allow-pre-commit-input --disable-hang-monitor --disable-ipc-flooding-protection --disable-popup-blocking --disable-prompt-on-repost --disable-renderer-backgrounding --force-color-profile=srgb --metrics-recording-only --no-first-run --enable-automation --password-store=basic --use-mock-keychain --no-service-autorun --export-tagged-pdf --disable-search-engine-choice-screen --unsafely-disable-devtools-self-xss-warnings --no-sandbox --user-data-dir=/tmp/playwright_chromiumdev_profile-yKrdi2 --remote-debugging-pipe --no-startup-window
  - <launched> pid=1575938
  - [pid=1575938][err] [1575938:1575938:0625/185308.944264:ERROR:ui/ozone/platform/x11/ozone_platform_x11.cc:249] Missing X server or $DISPLAY
  - [pid=1575938][err] [1575938:1575938:0625/185308.944328:ERROR:ui/aura/env.cc:257] The platform failed to initialize.  Exiting.

2025-06-25 18:53:08,968 - root - INFO - Retrying... Attempt 2 of 2
2025-06-25 18:53:08,968 - root - ERROR - Failed to retrieve total number of pages after multiple attempts
2025-06-25 18:53:08,968 - root - ERROR - Could not determine total pages for job: data analyst
2025-06-25 18:53:08,968 - root - INFO - Generated URL: https://www.welcometothejungle.com/fr/jobs?query=data%20manager&page=1&aroundQuery=worldwide
2025-06-25 18:53:09,425 - root - ERROR - Error while processing the base URL: BrowserType.launch: Target page, context or browser has been closed
Browser logs:

╔════════════════════════════════════════════════════════════════════════════════════════════════╗
║ Looks like you launched a headed browser without having a XServer running.                     ║
║ Set either 'headless: true' or use 'xvfb-run <your-playwright-app>' before running Playwright. ║
║                                                                                                ║
║ <3 Playwright Team                                                                             ║
╚════════════════════════════════════════════════════════════════════════════════════════════════╝
Call log:
  - <launching> /home/ubuntu/.cache/ms-playwright/chromium-1169/chrome-linux/chrome --disable-field-trial-config --disable-background-networking --disable-background-timer-throttling --disable-backgrounding-occluded-windows --disable-back-forward-cache --disable-breakpad --disable-client-side-phishing-detection --disable-component-extensions-with-background-pages --disable-component-update --no-default-browser-check --disable-default-apps --disable-dev-shm-usage --disable-extensions --disable-features=AcceptCHFrame,AutoExpandDetailsElement,AvoidUnnecessaryBeforeUnloadCheckSync,CertificateTransparencyComponentUpdater,DeferRendererTasksAfterInput,DestroyProfileOnBrowserClose,DialMediaRouteProvider,ExtensionManifestV2Disabled,GlobalMediaControls,HttpsUpgrades,ImprovedCookieControls,LazyFrameLoading,LensOverlay,MediaRouter,PaintHolding,ThirdPartyStoragePartitioning,Translate --allow-pre-commit-input --disable-hang-monitor --disable-ipc-flooding-protection --disable-popup-blocking --disable-prompt-on-repost --disable-renderer-backgrounding --force-color-profile=srgb --metrics-recording-only --no-first-run --enable-automation --password-store=basic --use-mock-keychain --no-service-autorun --export-tagged-pdf --disable-search-engine-choice-screen --unsafely-disable-devtools-self-xss-warnings --no-sandbox --user-data-dir=/tmp/playwright_chromiumdev_profile-UcJPXo --remote-debugging-pipe --no-startup-window
  - <launched> pid=1575971
  - [pid=1575971][err] [1575971:1575971:0625/185309.399009:ERROR:ui/ozone/platform/x11/ozone_platform_x11.cc:249] Missing X server or $DISPLAY
  - [pid=1575971][err] [1575971:1575971:0625/185309.399058:ERROR:ui/aura/env.cc:257] The platform failed to initialize.  Exiting.

2025-06-25 18:53:09,425 - root - INFO - Retrying... Attempt 1 of 2
2025-06-25 18:53:09,883 - root - ERROR - Error while processing the base URL: BrowserType.launch: Target page, context or browser has been closed
Browser logs:

╔════════════════════════════════════════════════════════════════════════════════════════════════╗
║ Looks like you launched a headed browser without having a XServer running.                     ║
║ Set either 'headless: true' or use 'xvfb-run <your-playwright-app>' before running Playwright. ║
║                                                                                                ║
║ <3 Playwright Team                                                                             ║
╚════════════════════════════════════════════════════════════════════════════════════════════════╝
Call log:
  - <launching> /home/ubuntu/.cache/ms-playwright/chromium-1169/chrome-linux/chrome --disable-field-trial-config --disable-background-networking --disable-background-timer-throttling --disable-backgrounding-occluded-windows --disable-back-forward-cache --disable-breakpad --disable-client-side-phishing-detection --disable-component-extensions-with-background-pages --disable-component-update --no-default-browser-check --disable-default-apps --disable-dev-shm-usage --disable-extensions --disable-features=AcceptCHFrame,AutoExpandDetailsElement,AvoidUnnecessaryBeforeUnloadCheckSync,CertificateTransparencyComponentUpdater,DeferRendererTasksAfterInput,DestroyProfileOnBrowserClose,DialMediaRouteProvider,ExtensionManifestV2Disabled,GlobalMediaControls,HttpsUpgrades,ImprovedCookieControls,LazyFrameLoading,LensOverlay,MediaRouter,PaintHolding,ThirdPartyStoragePartitioning,Translate --allow-pre-commit-input --disable-hang-monitor --disable-ipc-flooding-protection --disable-popup-blocking --disable-prompt-on-repost --disable-renderer-backgrounding --force-color-profile=srgb --metrics-recording-only --no-first-run --enable-automation --password-store=basic --use-mock-keychain --no-service-autorun --export-tagged-pdf --disable-search-engine-choice-screen --unsafely-disable-devtools-self-xss-warnings --no-sandbox --user-data-dir=/tmp/playwright_chromiumdev_profile-q8ycj6 --remote-debugging-pipe --no-startup-window
  - <launched> pid=1576004
  - [pid=1576004][err] [1576004:1576004:0625/185309.858974:ERROR:ui/ozone/platform/x11/ozone_platform_x11.cc:249] Missing X server or $DISPLAY
  - [pid=1576004][err] [1576004:1576004:0625/185309.859024:ERROR:ui/aura/env.cc:257] The platform failed to initialize.  Exiting.

2025-06-25 18:53:09,883 - root - INFO - Retrying... Attempt 2 of 2
2025-06-25 18:53:09,883 - root - ERROR - Failed to retrieve total number of pages after multiple attempts
2025-06-25 18:53:09,883 - root - ERROR - Could not determine total pages for job: data manager
2025-06-25 18:53:09,883 - root - INFO - Generated URL: https://www.welcometothejungle.com/fr/jobs?query=software%20engineer&page=1&aroundQuery=worldwide
2025-06-25 18:53:10,349 - root - ERROR - Error while processing the base URL: BrowserType.launch: Target page, context or browser has been closed
Browser logs:

╔════════════════════════════════════════════════════════════════════════════════════════════════╗
║ Looks like you launched a headed browser without having a XServer running.                     ║
║ Set either 'headless: true' or use 'xvfb-run <your-playwright-app>' before running Playwright. ║
║                                                                                                ║
║ <3 Playwright Team                                                                             ║
╚════════════════════════════════════════════════════════════════════════════════════════════════╝
Call log:
  - <launching> /home/ubuntu/.cache/ms-playwright/chromium-1169/chrome-linux/chrome --disable-field-trial-config --disable-background-networking --disable-background-timer-throttling --disable-backgrounding-occluded-windows --disable-back-forward-cache --disable-breakpad --disable-client-side-phishing-detection --disable-component-extensions-with-background-pages --disable-component-update --no-default-browser-check --disable-default-apps --disable-dev-shm-usage --disable-extensions --disable-features=AcceptCHFrame,AutoExpandDetailsElement,AvoidUnnecessaryBeforeUnloadCheckSync,CertificateTransparencyComponentUpdater,DeferRendererTasksAfterInput,DestroyProfileOnBrowserClose,DialMediaRouteProvider,ExtensionManifestV2Disabled,GlobalMediaControls,HttpsUpgrades,ImprovedCookieControls,LazyFrameLoading,LensOverlay,MediaRouter,PaintHolding,ThirdPartyStoragePartitioning,Translate --allow-pre-commit-input --disable-hang-monitor --disable-ipc-flooding-protection --disable-popup-blocking --disable-prompt-on-repost --disable-renderer-backgrounding --force-color-profile=srgb --metrics-recording-only --no-first-run --enable-automation --password-store=basic --use-mock-keychain --no-service-autorun --export-tagged-pdf --disable-search-engine-choice-screen --unsafely-disable-devtools-self-xss-warnings --no-sandbox --user-data-dir=/tmp/playwright_chromiumdev_profile-G40ki0 --remote-debugging-pipe --no-startup-window
  - <launched> pid=1576054
  - [pid=1576054][err] [1576054:1576054:0625/185310.319423:ERROR:ui/ozone/platform/x11/ozone_platform_x11.cc:249] Missing X server or $DISPLAY
  - [pid=1576054][err] [1576054:1576054:0625/185310.319470:ERROR:ui/aura/env.cc:257] The platform failed to initialize.  Exiting.

2025-06-25 18:53:10,349 - root - INFO - Retrying... Attempt 1 of 2
2025-06-25 18:53:10,805 - root - ERROR - Error while processing the base URL: BrowserType.launch: Target page, context or browser has been closed
Browser logs:

╔════════════════════════════════════════════════════════════════════════════════════════════════╗
║ Looks like you launched a headed browser without having a XServer running.                     ║
║ Set either 'headless: true' or use 'xvfb-run <your-playwright-app>' before running Playwright. ║
║                                                                                                ║
║ <3 Playwright Team                                                                             ║
╚════════════════════════════════════════════════════════════════════════════════════════════════╝
Call log:
  - <launching> /home/ubuntu/.cache/ms-playwright/chromium-1169/chrome-linux/chrome --disable-field-trial-config --disable-background-networking --disable-background-timer-throttling --disable-backgrounding-occluded-windows --disable-back-forward-cache --disable-breakpad --disable-client-side-phishing-detection --disable-component-extensions-with-background-pages --disable-component-update --no-default-browser-check --disable-default-apps --disable-dev-shm-usage --disable-extensions --disable-features=AcceptCHFrame,AutoExpandDetailsElement,AvoidUnnecessaryBeforeUnloadCheckSync,CertificateTransparencyComponentUpdater,DeferRendererTasksAfterInput,DestroyProfileOnBrowserClose,DialMediaRouteProvider,ExtensionManifestV2Disabled,GlobalMediaControls,HttpsUpgrades,ImprovedCookieControls,LazyFrameLoading,LensOverlay,MediaRouter,PaintHolding,ThirdPartyStoragePartitioning,Translate --allow-pre-commit-input --disable-hang-monitor --disable-ipc-flooding-protection --disable-popup-blocking --disable-prompt-on-repost --disable-renderer-backgrounding --force-color-profile=srgb --metrics-recording-only --no-first-run --enable-automation --password-store=basic --use-mock-keychain --no-service-autorun --export-tagged-pdf --disable-search-engine-choice-screen --unsafely-disable-devtools-self-xss-warnings --no-sandbox --user-data-dir=/tmp/playwright_chromiumdev_profile-D9QVEC --remote-debugging-pipe --no-startup-window
  - <launched> pid=1576086
  - [pid=1576086][err] [1576086:1576086:0625/185310.779157:ERROR:ui/ozone/platform/x11/ozone_platform_x11.cc:249] Missing X server or $DISPLAY
  - [pid=1576086][err] [1576086:1576086:0625/185310.779204:ERROR:ui/aura/env.cc:257] The platform failed to initialize.  Exiting.

2025-06-25 18:53:10,806 - root - INFO - Retrying... Attempt 2 of 2
2025-06-25 18:53:10,806 - root - ERROR - Failed to retrieve total number of pages after multiple attempts
2025-06-25 18:53:10,806 - root - ERROR - Could not determine total pages for job: software engineer
2025-06-25 18:53:10,806 - root - INFO - Generated URL: https://www.welcometothejungle.com/fr/jobs?query=Data%20Warehousing%20Engineer&page=1&aroundQuery=worldwide
2025-06-25 18:53:11,277 - root - ERROR - Error while processing the base URL: BrowserType.launch: Target page, context or browser has been closed
Browser logs:

╔════════════════════════════════════════════════════════════════════════════════════════════════╗
║ Looks like you launched a headed browser without having a XServer running.                     ║
║ Set either 'headless: true' or use 'xvfb-run <your-playwright-app>' before running Playwright. ║
║                                                                                                ║
║ <3 Playwright Team                                                                             ║
╚════════════════════════════════════════════════════════════════════════════════════════════════╝
Call log:
  - <launching> /home/ubuntu/.cache/ms-playwright/chromium-1169/chrome-linux/chrome --disable-field-trial-config --disable-background-networking --disable-background-timer-throttling --disable-backgrounding-occluded-windows --disable-back-forward-cache --disable-breakpad --disable-client-side-phishing-detection --disable-component-extensions-with-background-pages --disable-component-update --no-default-browser-check --disable-default-apps --disable-dev-shm-usage --disable-extensions --disable-features=AcceptCHFrame,AutoExpandDetailsElement,AvoidUnnecessaryBeforeUnloadCheckSync,CertificateTransparencyComponentUpdater,DeferRendererTasksAfterInput,DestroyProfileOnBrowserClose,DialMediaRouteProvider,ExtensionManifestV2Disabled,GlobalMediaControls,HttpsUpgrades,ImprovedCookieControls,LazyFrameLoading,LensOverlay,MediaRouter,PaintHolding,ThirdPartyStoragePartitioning,Translate --allow-pre-commit-input --disable-hang-monitor --disable-ipc-flooding-protection --disable-popup-blocking --disable-prompt-on-repost --disable-renderer-backgrounding --force-color-profile=srgb --metrics-recording-only --no-first-run --enable-automation --password-store=basic --use-mock-keychain --no-service-autorun --export-tagged-pdf --disable-search-engine-choice-screen --unsafely-disable-devtools-self-xss-warnings --no-sandbox --user-data-dir=/tmp/playwright_chromiumdev_profile-azmEs1 --remote-debugging-pipe --no-startup-window
  - <launched> pid=1576138
  - [pid=1576138][err] [1576138:1576138:0625/185311.251140:ERROR:ui/ozone/platform/x11/ozone_platform_x11.cc:249] Missing X server or $DISPLAY
  - [pid=1576138][err] [1576138:1576138:0625/185311.251190:ERROR:ui/aura/env.cc:257] The platform failed to initialize.  Exiting.

2025-06-25 18:53:11,277 - root - INFO - Retrying... Attempt 1 of 2
2025-06-25 18:53:11,736 - root - ERROR - Error while processing the base URL: BrowserType.launch: Target page, context or browser has been closed
Browser logs:

╔════════════════════════════════════════════════════════════════════════════════════════════════╗
║ Looks like you launched a headed browser without having a XServer running.                     ║
║ Set either 'headless: true' or use 'xvfb-run <your-playwright-app>' before running Playwright. ║
║                                                                                                ║
║ <3 Playwright Team                                                                             ║
╚════════════════════════════════════════════════════════════════════════════════════════════════╝
Call log:
  - <launching> /home/ubuntu/.cache/ms-playwright/chromium-1169/chrome-linux/chrome --disable-field-trial-config --disable-background-networking --disable-background-timer-throttling --disable-backgrounding-occluded-windows --disable-back-forward-cache --disable-breakpad --disable-client-side-phishing-detection --disable-component-extensions-with-background-pages --disable-component-update --no-default-browser-check --disable-default-apps --disable-dev-shm-usage --disable-extensions --disable-features=AcceptCHFrame,AutoExpandDetailsElement,AvoidUnnecessaryBeforeUnloadCheckSync,CertificateTransparencyComponentUpdater,DeferRendererTasksAfterInput,DestroyProfileOnBrowserClose,DialMediaRouteProvider,ExtensionManifestV2Disabled,GlobalMediaControls,HttpsUpgrades,ImprovedCookieControls,LazyFrameLoading,LensOverlay,MediaRouter,PaintHolding,ThirdPartyStoragePartitioning,Translate --allow-pre-commit-input --disable-hang-monitor --disable-ipc-flooding-protection --disable-popup-blocking --disable-prompt-on-repost --disable-renderer-backgrounding --force-color-profile=srgb --metrics-recording-only --no-first-run --enable-automation --password-store=basic --use-mock-keychain --no-service-autorun --export-tagged-pdf --disable-search-engine-choice-screen --unsafely-disable-devtools-self-xss-warnings --no-sandbox --user-data-dir=/tmp/playwright_chromiumdev_profile-xJ0iPu --remote-debugging-pipe --no-startup-window
  - <launched> pid=1576170
  - [pid=1576170][err] [1576170:1576170:0625/185311.710141:ERROR:ui/ozone/platform/x11/ozone_platform_x11.cc:249] Missing X server or $DISPLAY
  - [pid=1576170][err] [1576170:1576170:0625/185311.710188:ERROR:ui/aura/env.cc:257] The platform failed to initialize.  Exiting.

2025-06-25 18:53:11,736 - root - INFO - Retrying... Attempt 2 of 2
2025-06-25 18:53:11,736 - root - ERROR - Failed to retrieve total number of pages after multiple attempts
2025-06-25 18:53:11,736 - root - ERROR - Could not determine total pages for job: Data Warehousing Engineer
2025-06-25 18:53:11,736 - root - INFO - Generated URL: https://www.welcometothejungle.com/fr/jobs?query=Machine%20Learning%20Engineer&page=1&aroundQuery=worldwide
2025-06-25 18:53:12,191 - root - ERROR - Error while processing the base URL: BrowserType.launch: Target page, context or browser has been closed
Browser logs:

╔════════════════════════════════════════════════════════════════════════════════════════════════╗
║ Looks like you launched a headed browser without having a XServer running.                     ║
║ Set either 'headless: true' or use 'xvfb-run <your-playwright-app>' before running Playwright. ║
║                                                                                                ║
║ <3 Playwright Team                                                                             ║
╚════════════════════════════════════════════════════════════════════════════════════════════════╝
Call log:
  - <launching> /home/ubuntu/.cache/ms-playwright/chromium-1169/chrome-linux/chrome --disable-field-trial-config --disable-background-networking --disable-background-timer-throttling --disable-backgrounding-occluded-windows --disable-back-forward-cache --disable-breakpad --disable-client-side-phishing-detection --disable-component-extensions-with-background-pages --disable-component-update --no-default-browser-check --disable-default-apps --disable-dev-shm-usage --disable-extensions --disable-features=AcceptCHFrame,AutoExpandDetailsElement,AvoidUnnecessaryBeforeUnloadCheckSync,CertificateTransparencyComponentUpdater,DeferRendererTasksAfterInput,DestroyProfileOnBrowserClose,DialMediaRouteProvider,ExtensionManifestV2Disabled,GlobalMediaControls,HttpsUpgrades,ImprovedCookieControls,LazyFrameLoading,LensOverlay,MediaRouter,PaintHolding,ThirdPartyStoragePartitioning,Translate --allow-pre-commit-input --disable-hang-monitor --disable-ipc-flooding-protection --disable-popup-blocking --disable-prompt-on-repost --disable-renderer-backgrounding --force-color-profile=srgb --metrics-recording-only --no-first-run --enable-automation --password-store=basic --use-mock-keychain --no-service-autorun --export-tagged-pdf --disable-search-engine-choice-screen --unsafely-disable-devtools-self-xss-warnings --no-sandbox --user-data-dir=/tmp/playwright_chromiumdev_profile-MGBJ0Q --remote-debugging-pipe --no-startup-window
  - <launched> pid=1576202
  - [pid=1576202][err] [1576202:1576202:0625/185312.165398:ERROR:ui/ozone/platform/x11/ozone_platform_x11.cc:249] Missing X server or $DISPLAY
  - [pid=1576202][err] [1576202:1576202:0625/185312.165444:ERROR:ui/aura/env.cc:257] The platform failed to initialize.  Exiting.

2025-06-25 18:53:12,192 - root - INFO - Retrying... Attempt 1 of 2
2025-06-25 18:53:12,653 - root - ERROR - Error while processing the base URL: BrowserType.launch: Target page, context or browser has been closed
Browser logs:

╔════════════════════════════════════════════════════════════════════════════════════════════════╗
║ Looks like you launched a headed browser without having a XServer running.                     ║
║ Set either 'headless: true' or use 'xvfb-run <your-playwright-app>' before running Playwright. ║
║                                                                                                ║
║ <3 Playwright Team                                                                             ║
╚════════════════════════════════════════════════════════════════════════════════════════════════╝
Call log:
  - <launching> /home/ubuntu/.cache/ms-playwright/chromium-1169/chrome-linux/chrome --disable-field-trial-config --disable-background-networking --disable-background-timer-throttling --disable-backgrounding-occluded-windows --disable-back-forward-cache --disable-breakpad --disable-client-side-phishing-detection --disable-component-extensions-with-background-pages --disable-component-update --no-default-browser-check --disable-default-apps --disable-dev-shm-usage --disable-extensions --disable-features=AcceptCHFrame,AutoExpandDetailsElement,AvoidUnnecessaryBeforeUnloadCheckSync,CertificateTransparencyComponentUpdater,DeferRendererTasksAfterInput,DestroyProfileOnBrowserClose,DialMediaRouteProvider,ExtensionManifestV2Disabled,GlobalMediaControls,HttpsUpgrades,ImprovedCookieControls,LazyFrameLoading,LensOverlay,MediaRouter,PaintHolding,ThirdPartyStoragePartitioning,Translate --allow-pre-commit-input --disable-hang-monitor --disable-ipc-flooding-protection --disable-popup-blocking --disable-prompt-on-repost --disable-renderer-backgrounding --force-color-profile=srgb --metrics-recording-only --no-first-run --enable-automation --password-store=basic --use-mock-keychain --no-service-autorun --export-tagged-pdf --disable-search-engine-choice-screen --unsafely-disable-devtools-self-xss-warnings --no-sandbox --user-data-dir=/tmp/playwright_chromiumdev_profile-VQalgz --remote-debugging-pipe --no-startup-window
  - <launched> pid=1576234
  - [pid=1576234][err] [1576234:1576234:0625/185312.625039:ERROR:ui/ozone/platform/x11/ozone_platform_x11.cc:249] Missing X server or $DISPLAY
  - [pid=1576234][err] [1576234:1576234:0625/185312.625086:ERROR:ui/aura/env.cc:257] The platform failed to initialize.  Exiting.

2025-06-25 18:53:12,653 - root - INFO - Retrying... Attempt 2 of 2
2025-06-25 18:53:12,653 - root - ERROR - Failed to retrieve total number of pages after multiple attempts
2025-06-25 18:53:12,653 - root - ERROR - Could not determine total pages for job: Machine Learning Engineer
2025-06-25 18:53:12,653 - root - INFO - Generated URL: https://www.welcometothejungle.com/fr/jobs?query=cloud%20architect&page=1&aroundQuery=worldwide
2025-06-25 18:53:13,114 - root - ERROR - Error while processing the base URL: BrowserType.launch: Target page, context or browser has been closed
Browser logs:

╔════════════════════════════════════════════════════════════════════════════════════════════════╗
║ Looks like you launched a headed browser without having a XServer running.                     ║
║ Set either 'headless: true' or use 'xvfb-run <your-playwright-app>' before running Playwright. ║
║                                                                                                ║
║ <3 Playwright Team                                                                             ║
╚════════════════════════════════════════════════════════════════════════════════════════════════╝
Call log:
  - <launching> /home/ubuntu/.cache/ms-playwright/chromium-1169/chrome-linux/chrome --disable-field-trial-config --disable-background-networking --disable-background-timer-throttling --disable-backgrounding-occluded-windows --disable-back-forward-cache --disable-breakpad --disable-client-side-phishing-detection --disable-component-extensions-with-background-pages --disable-component-update --no-default-browser-check --disable-default-apps --disable-dev-shm-usage --disable-extensions --disable-features=AcceptCHFrame,AutoExpandDetailsElement,AvoidUnnecessaryBeforeUnloadCheckSync,CertificateTransparencyComponentUpdater,DeferRendererTasksAfterInput,DestroyProfileOnBrowserClose,DialMediaRouteProvider,ExtensionManifestV2Disabled,GlobalMediaControls,HttpsUpgrades,ImprovedCookieControls,LazyFrameLoading,LensOverlay,MediaRouter,PaintHolding,ThirdPartyStoragePartitioning,Translate --allow-pre-commit-input --disable-hang-monitor --disable-ipc-flooding-protection --disable-popup-blocking --disable-prompt-on-repost --disable-renderer-backgrounding --force-color-profile=srgb --metrics-recording-only --no-first-run --enable-automation --password-store=basic --use-mock-keychain --no-service-autorun --export-tagged-pdf --disable-search-engine-choice-screen --unsafely-disable-devtools-self-xss-warnings --no-sandbox --user-data-dir=/tmp/playwright_chromiumdev_profile-dOY3Pm --remote-debugging-pipe --no-startup-window
  - <launched> pid=1576267
  - [pid=1576267][err] [1576267:1576267:0625/185313.085563:ERROR:ui/ozone/platform/x11/ozone_platform_x11.cc:249] Missing X server or $DISPLAY
  - [pid=1576267][err] [1576267:1576267:0625/185313.085612:ERROR:ui/aura/env.cc:257] The platform failed to initialize.  Exiting.

2025-06-25 18:53:13,114 - root - INFO - Retrying... Attempt 1 of 2
2025-06-25 18:53:13,566 - root - ERROR - Error while processing the base URL: BrowserType.launch: Target page, context or browser has been closed
Browser logs:

╔════════════════════════════════════════════════════════════════════════════════════════════════╗
║ Looks like you launched a headed browser without having a XServer running.                     ║
║ Set either 'headless: true' or use 'xvfb-run <your-playwright-app>' before running Playwright. ║
║                                                                                                ║
║ <3 Playwright Team                                                                             ║
╚════════════════════════════════════════════════════════════════════════════════════════════════╝
Call log:
  - <launching> /home/ubuntu/.cache/ms-playwright/chromium-1169/chrome-linux/chrome --disable-field-trial-config --disable-background-networking --disable-background-timer-throttling --disable-backgrounding-occluded-windows --disable-back-forward-cache --disable-breakpad --disable-client-side-phishing-detection --disable-component-extensions-with-background-pages --disable-component-update --no-default-browser-check --disable-default-apps --disable-dev-shm-usage --disable-extensions --disable-features=AcceptCHFrame,AutoExpandDetailsElement,AvoidUnnecessaryBeforeUnloadCheckSync,CertificateTransparencyComponentUpdater,DeferRendererTasksAfterInput,DestroyProfileOnBrowserClose,DialMediaRouteProvider,ExtensionManifestV2Disabled,GlobalMediaControls,HttpsUpgrades,ImprovedCookieControls,LazyFrameLoading,LensOverlay,MediaRouter,PaintHolding,ThirdPartyStoragePartitioning,Translate --allow-pre-commit-input --disable-hang-monitor --disable-ipc-flooding-protection --disable-popup-blocking --disable-prompt-on-repost --disable-renderer-backgrounding --force-color-profile=srgb --metrics-recording-only --no-first-run --enable-automation --password-store=basic --use-mock-keychain --no-service-autorun --export-tagged-pdf --disable-search-engine-choice-screen --unsafely-disable-devtools-self-xss-warnings --no-sandbox --user-data-dir=/tmp/playwright_chromiumdev_profile-uxqHgh --remote-debugging-pipe --no-startup-window
  - <launched> pid=1576301
  - [pid=1576301][err] [1576301:1576301:0625/185313.541891:ERROR:ui/ozone/platform/x11/ozone_platform_x11.cc:249] Missing X server or $DISPLAY
  - [pid=1576301][err] [1576301:1576301:0625/185313.541936:ERROR:ui/aura/env.cc:257] The platform failed to initialize.  Exiting.

2025-06-25 18:53:13,566 - root - INFO - Retrying... Attempt 2 of 2
2025-06-25 18:53:13,566 - root - ERROR - Failed to retrieve total number of pages after multiple attempts
2025-06-25 18:53:13,566 - root - ERROR - Could not determine total pages for job: cloud architect
2025-06-25 18:53:13,566 - root - INFO - Generated URL: https://www.welcometothejungle.com/fr/jobs?query=solution%20architect&page=1&aroundQuery=worldwide
2025-06-25 18:53:14,020 - root - ERROR - Error while processing the base URL: BrowserType.launch: Target page, context or browser has been closed
Browser logs:

╔════════════════════════════════════════════════════════════════════════════════════════════════╗
║ Looks like you launched a headed browser without having a XServer running.                     ║
║ Set either 'headless: true' or use 'xvfb-run <your-playwright-app>' before running Playwright. ║
║                                                                                                ║
║ <3 Playwright Team                                                                             ║
╚════════════════════════════════════════════════════════════════════════════════════════════════╝
Call log:
  - <launching> /home/ubuntu/.cache/ms-playwright/chromium-1169/chrome-linux/chrome --disable-field-trial-config --disable-background-networking --disable-background-timer-throttling --disable-backgrounding-occluded-windows --disable-back-forward-cache --disable-breakpad --disable-client-side-phishing-detection --disable-component-extensions-with-background-pages --disable-component-update --no-default-browser-check --disable-default-apps --disable-dev-shm-usage --disable-extensions --disable-features=AcceptCHFrame,AutoExpandDetailsElement,AvoidUnnecessaryBeforeUnloadCheckSync,CertificateTransparencyComponentUpdater,DeferRendererTasksAfterInput,DestroyProfileOnBrowserClose,DialMediaRouteProvider,ExtensionManifestV2Disabled,GlobalMediaControls,HttpsUpgrades,ImprovedCookieControls,LazyFrameLoading,LensOverlay,MediaRouter,PaintHolding,ThirdPartyStoragePartitioning,Translate --allow-pre-commit-input --disable-hang-monitor --disable-ipc-flooding-protection --disable-popup-blocking --disable-prompt-on-repost --disable-renderer-backgrounding --force-color-profile=srgb --metrics-recording-only --no-first-run --enable-automation --password-store=basic --use-mock-keychain --no-service-autorun --export-tagged-pdf --disable-search-engine-choice-screen --unsafely-disable-devtools-self-xss-warnings --no-sandbox --user-data-dir=/tmp/playwright_chromiumdev_profile-sgO8lh --remote-debugging-pipe --no-startup-window
  - <launched> pid=1576333
  - [pid=1576333][err] [1576333:1576333:0625/185313.995047:ERROR:ui/ozone/platform/x11/ozone_platform_x11.cc:249] Missing X server or $DISPLAY
  - [pid=1576333][err] [1576333:1576333:0625/185313.995092:ERROR:ui/aura/env.cc:257] The platform failed to initialize.  Exiting.

2025-06-25 18:53:14,020 - root - INFO - Retrying... Attempt 1 of 2
2025-06-25 18:53:14,473 - root - ERROR - Error while processing the base URL: BrowserType.launch: Target page, context or browser has been closed
Browser logs:

╔════════════════════════════════════════════════════════════════════════════════════════════════╗
║ Looks like you launched a headed browser without having a XServer running.                     ║
║ Set either 'headless: true' or use 'xvfb-run <your-playwright-app>' before running Playwright. ║
║                                                                                                ║
║ <3 Playwright Team                                                                             ║
╚════════════════════════════════════════════════════════════════════════════════════════════════╝
Call log:
  - <launching> /home/ubuntu/.cache/ms-playwright/chromium-1169/chrome-linux/chrome --disable-field-trial-config --disable-background-networking --disable-background-timer-throttling --disable-backgrounding-occluded-windows --disable-back-forward-cache --disable-breakpad --disable-client-side-phishing-detection --disable-component-extensions-with-background-pages --disable-component-update --no-default-browser-check --disable-default-apps --disable-dev-shm-usage --disable-extensions --disable-features=AcceptCHFrame,AutoExpandDetailsElement,AvoidUnnecessaryBeforeUnloadCheckSync,CertificateTransparencyComponentUpdater,DeferRendererTasksAfterInput,DestroyProfileOnBrowserClose,DialMediaRouteProvider,ExtensionManifestV2Disabled,GlobalMediaControls,HttpsUpgrades,ImprovedCookieControls,LazyFrameLoading,LensOverlay,MediaRouter,PaintHolding,ThirdPartyStoragePartitioning,Translate --allow-pre-commit-input --disable-hang-monitor --disable-ipc-flooding-protection --disable-popup-blocking --disable-prompt-on-repost --disable-renderer-backgrounding --force-color-profile=srgb --metrics-recording-only --no-first-run --enable-automation --password-store=basic --use-mock-keychain --no-service-autorun --export-tagged-pdf --disable-search-engine-choice-screen --unsafely-disable-devtools-self-xss-warnings --no-sandbox --user-data-dir=/tmp/playwright_chromiumdev_profile-z6PLdP --remote-debugging-pipe --no-startup-window
  - <launched> pid=1576366
  - [pid=1576366][err] [1576366:1576366:0625/185314.446786:ERROR:ui/ozone/platform/x11/ozone_platform_x11.cc:249] Missing X server or $DISPLAY
  - [pid=1576366][err] [1576366:1576366:0625/185314.446837:ERROR:ui/aura/env.cc:257] The platform failed to initialize.  Exiting.

2025-06-25 18:53:14,473 - root - INFO - Retrying... Attempt 2 of 2
2025-06-25 18:53:14,473 - root - ERROR - Failed to retrieve total number of pages after multiple attempts
2025-06-25 18:53:14,473 - root - ERROR - Could not determine total pages for job: solution architect
2025-06-25 18:53:14,473 - root - INFO - Generated URL: https://www.welcometothejungle.com/fr/jobs?query=cloud%20engineer&page=1&aroundQuery=worldwide
2025-06-25 18:53:14,925 - root - ERROR - Error while processing the base URL: BrowserType.launch: Target page, context or browser has been closed
Browser logs:

╔════════════════════════════════════════════════════════════════════════════════════════════════╗
║ Looks like you launched a headed browser without having a XServer running.                     ║
║ Set either 'headless: true' or use 'xvfb-run <your-playwright-app>' before running Playwright. ║
║                                                                                                ║
║ <3 Playwright Team                                                                             ║
╚════════════════════════════════════════════════════════════════════════════════════════════════╝
Call log:
  - <launching> /home/ubuntu/.cache/ms-playwright/chromium-1169/chrome-linux/chrome --disable-field-trial-config --disable-background-networking --disable-background-timer-throttling --disable-backgrounding-occluded-windows --disable-back-forward-cache --disable-breakpad --disable-client-side-phishing-detection --disable-component-extensions-with-background-pages --disable-component-update --no-default-browser-check --disable-default-apps --disable-dev-shm-usage --disable-extensions --disable-features=AcceptCHFrame,AutoExpandDetailsElement,AvoidUnnecessaryBeforeUnloadCheckSync,CertificateTransparencyComponentUpdater,DeferRendererTasksAfterInput,DestroyProfileOnBrowserClose,DialMediaRouteProvider,ExtensionManifestV2Disabled,GlobalMediaControls,HttpsUpgrades,ImprovedCookieControls,LazyFrameLoading,LensOverlay,MediaRouter,PaintHolding,ThirdPartyStoragePartitioning,Translate --allow-pre-commit-input --disable-hang-monitor --disable-ipc-flooding-protection --disable-popup-blocking --disable-prompt-on-repost --disable-renderer-backgrounding --force-color-profile=srgb --metrics-recording-only --no-first-run --enable-automation --password-store=basic --use-mock-keychain --no-service-autorun --export-tagged-pdf --disable-search-engine-choice-screen --unsafely-disable-devtools-self-xss-warnings --no-sandbox --user-data-dir=/tmp/playwright_chromiumdev_profile-9GoIF3 --remote-debugging-pipe --no-startup-window
  - <launched> pid=1576398
  - [pid=1576398][err] [1576398:1576398:0625/185314.900846:ERROR:ui/ozone/platform/x11/ozone_platform_x11.cc:249] Missing X server or $DISPLAY
  - [pid=1576398][err] [1576398:1576398:0625/185314.900898:ERROR:ui/aura/env.cc:257] The platform failed to initialize.  Exiting.

2025-06-25 18:53:14,926 - root - INFO - Retrying... Attempt 1 of 2
2025-06-25 18:53:15,382 - root - ERROR - Error while processing the base URL: BrowserType.launch: Target page, context or browser has been closed
Browser logs:

╔════════════════════════════════════════════════════════════════════════════════════════════════╗
║ Looks like you launched a headed browser without having a XServer running.                     ║
║ Set either 'headless: true' or use 'xvfb-run <your-playwright-app>' before running Playwright. ║
║                                                                                                ║
║ <3 Playwright Team                                                                             ║
╚════════════════════════════════════════════════════════════════════════════════════════════════╝
Call log:
  - <launching> /home/ubuntu/.cache/ms-playwright/chromium-1169/chrome-linux/chrome --disable-field-trial-config --disable-background-networking --disable-background-timer-throttling --disable-backgrounding-occluded-windows --disable-back-forward-cache --disable-breakpad --disable-client-side-phishing-detection --disable-component-extensions-with-background-pages --disable-component-update --no-default-browser-check --disable-default-apps --disable-dev-shm-usage --disable-extensions --disable-features=AcceptCHFrame,AutoExpandDetailsElement,AvoidUnnecessaryBeforeUnloadCheckSync,CertificateTransparencyComponentUpdater,DeferRendererTasksAfterInput,DestroyProfileOnBrowserClose,DialMediaRouteProvider,ExtensionManifestV2Disabled,GlobalMediaControls,HttpsUpgrades,ImprovedCookieControls,LazyFrameLoading,LensOverlay,MediaRouter,PaintHolding,ThirdPartyStoragePartitioning,Translate --allow-pre-commit-input --disable-hang-monitor --disable-ipc-flooding-protection --disable-popup-blocking --disable-prompt-on-repost --disable-renderer-backgrounding --force-color-profile=srgb --metrics-recording-only --no-first-run --enable-automation --password-store=basic --use-mock-keychain --no-service-autorun --export-tagged-pdf --disable-search-engine-choice-screen --unsafely-disable-devtools-self-xss-warnings --no-sandbox --user-data-dir=/tmp/playwright_chromiumdev_profile-Xmou3T --remote-debugging-pipe --no-startup-window
  - <launched> pid=1576450
  - [pid=1576450][err] [1576450:1576450:0625/185315.356995:ERROR:ui/ozone/platform/x11/ozone_platform_x11.cc:249] Missing X server or $DISPLAY
  - [pid=1576450][err] [1576450:1576450:0625/185315.357044:ERROR:ui/aura/env.cc:257] The platform failed to initialize.  Exiting.

2025-06-25 18:53:15,382 - root - INFO - Retrying... Attempt 2 of 2
2025-06-25 18:53:15,382 - root - ERROR - Failed to retrieve total number of pages after multiple attempts
2025-06-25 18:53:15,382 - root - ERROR - Could not determine total pages for job: cloud engineer
2025-06-25 18:53:15,382 - root - INFO - Generated URL: https://www.welcometothejungle.com/fr/jobs?query=big%20data%20engineer&page=1&aroundQuery=worldwide
2025-06-25 18:53:15,834 - root - ERROR - Error while processing the base URL: BrowserType.launch: Target page, context or browser has been closed
Browser logs:

╔════════════════════════════════════════════════════════════════════════════════════════════════╗
║ Looks like you launched a headed browser without having a XServer running.                     ║
║ Set either 'headless: true' or use 'xvfb-run <your-playwright-app>' before running Playwright. ║
║                                                                                                ║
║ <3 Playwright Team                                                                             ║
╚════════════════════════════════════════════════════════════════════════════════════════════════╝
Call log:
  - <launching> /home/ubuntu/.cache/ms-playwright/chromium-1169/chrome-linux/chrome --disable-field-trial-config --disable-background-networking --disable-background-timer-throttling --disable-backgrounding-occluded-windows --disable-back-forward-cache --disable-breakpad --disable-client-side-phishing-detection --disable-component-extensions-with-background-pages --disable-component-update --no-default-browser-check --disable-default-apps --disable-dev-shm-usage --disable-extensions --disable-features=AcceptCHFrame,AutoExpandDetailsElement,AvoidUnnecessaryBeforeUnloadCheckSync,CertificateTransparencyComponentUpdater,DeferRendererTasksAfterInput,DestroyProfileOnBrowserClose,DialMediaRouteProvider,ExtensionManifestV2Disabled,GlobalMediaControls,HttpsUpgrades,ImprovedCookieControls,LazyFrameLoading,LensOverlay,MediaRouter,PaintHolding,ThirdPartyStoragePartitioning,Translate --allow-pre-commit-input --disable-hang-monitor --disable-ipc-flooding-protection --disable-popup-blocking --disable-prompt-on-repost --disable-renderer-backgrounding --force-color-profile=srgb --metrics-recording-only --no-first-run --enable-automation --password-store=basic --use-mock-keychain --no-service-autorun --export-tagged-pdf --disable-search-engine-choice-screen --unsafely-disable-devtools-self-xss-warnings --no-sandbox --user-data-dir=/tmp/playwright_chromiumdev_profile-cZC9UU --remote-debugging-pipe --no-startup-window
  - <launched> pid=1576482
  - [pid=1576482][err] [1576482:1576482:0625/185315.808980:ERROR:ui/ozone/platform/x11/ozone_platform_x11.cc:249] Missing X server or $DISPLAY
  - [pid=1576482][err] [1576482:1576482:0625/185315.809027:ERROR:ui/aura/env.cc:257] The platform failed to initialize.  Exiting.

2025-06-25 18:53:15,834 - root - INFO - Retrying... Attempt 1 of 2
2025-06-25 18:53:16,289 - root - ERROR - Error while processing the base URL: BrowserType.launch: Target page, context or browser has been closed
Browser logs:

╔════════════════════════════════════════════════════════════════════════════════════════════════╗
║ Looks like you launched a headed browser without having a XServer running.                     ║
║ Set either 'headless: true' or use 'xvfb-run <your-playwright-app>' before running Playwright. ║
║                                                                                                ║
║ <3 Playwright Team                                                                             ║
╚════════════════════════════════════════════════════════════════════════════════════════════════╝
Call log:
  - <launching> /home/ubuntu/.cache/ms-playwright/chromium-1169/chrome-linux/chrome --disable-field-trial-config --disable-background-networking --disable-background-timer-throttling --disable-backgrounding-occluded-windows --disable-back-forward-cache --disable-breakpad --disable-client-side-phishing-detection --disable-component-extensions-with-background-pages --disable-component-update --no-default-browser-check --disable-default-apps --disable-dev-shm-usage --disable-extensions --disable-features=AcceptCHFrame,AutoExpandDetailsElement,AvoidUnnecessaryBeforeUnloadCheckSync,CertificateTransparencyComponentUpdater,DeferRendererTasksAfterInput,DestroyProfileOnBrowserClose,DialMediaRouteProvider,ExtensionManifestV2Disabled,GlobalMediaControls,HttpsUpgrades,ImprovedCookieControls,LazyFrameLoading,LensOverlay,MediaRouter,PaintHolding,ThirdPartyStoragePartitioning,Translate --allow-pre-commit-input --disable-hang-monitor --disable-ipc-flooding-protection --disable-popup-blocking --disable-prompt-on-repost --disable-renderer-backgrounding --force-color-profile=srgb --metrics-recording-only --no-first-run --enable-automation --password-store=basic --use-mock-keychain --no-service-autorun --export-tagged-pdf --disable-search-engine-choice-screen --unsafely-disable-devtools-self-xss-warnings --no-sandbox --user-data-dir=/tmp/playwright_chromiumdev_profile-FJC996 --remote-debugging-pipe --no-startup-window
  - <launched> pid=1576535
  - [pid=1576535][err] [1576535:1576535:0625/185316.263683:ERROR:ui/ozone/platform/x11/ozone_platform_x11.cc:249] Missing X server or $DISPLAY
  - [pid=1576535][err] [1576535:1576535:0625/185316.264789:ERROR:ui/aura/env.cc:257] The platform failed to initialize.  Exiting.

2025-06-25 18:53:16,289 - root - INFO - Retrying... Attempt 2 of 2
2025-06-25 18:53:16,289 - root - ERROR - Failed to retrieve total number of pages after multiple attempts
2025-06-25 18:53:16,289 - root - ERROR - Could not determine total pages for job: big data engineer
2025-06-25 18:53:16,289 - root - INFO - Generated URL: https://www.welcometothejungle.com/fr/jobs?query=Data%20Infrastructure%20Engineer&page=1&aroundQuery=worldwide
2025-06-25 18:53:16,746 - root - ERROR - Error while processing the base URL: BrowserType.launch: Target page, context or browser has been closed
Browser logs:

╔════════════════════════════════════════════════════════════════════════════════════════════════╗
║ Looks like you launched a headed browser without having a XServer running.                     ║
║ Set either 'headless: true' or use 'xvfb-run <your-playwright-app>' before running Playwright. ║
║                                                                                                ║
║ <3 Playwright Team                                                                             ║
╚════════════════════════════════════════════════════════════════════════════════════════════════╝
Call log:
  - <launching> /home/ubuntu/.cache/ms-playwright/chromium-1169/chrome-linux/chrome --disable-field-trial-config --disable-background-networking --disable-background-timer-throttling --disable-backgrounding-occluded-windows --disable-back-forward-cache --disable-breakpad --disable-client-side-phishing-detection --disable-component-extensions-with-background-pages --disable-component-update --no-default-browser-check --disable-default-apps --disable-dev-shm-usage --disable-extensions --disable-features=AcceptCHFrame,AutoExpandDetailsElement,AvoidUnnecessaryBeforeUnloadCheckSync,CertificateTransparencyComponentUpdater,DeferRendererTasksAfterInput,DestroyProfileOnBrowserClose,DialMediaRouteProvider,ExtensionManifestV2Disabled,GlobalMediaControls,HttpsUpgrades,ImprovedCookieControls,LazyFrameLoading,LensOverlay,MediaRouter,PaintHolding,ThirdPartyStoragePartitioning,Translate --allow-pre-commit-input --disable-hang-monitor --disable-ipc-flooding-protection --disable-popup-blocking --disable-prompt-on-repost --disable-renderer-backgrounding --force-color-profile=srgb --metrics-recording-only --no-first-run --enable-automation --password-store=basic --use-mock-keychain --no-service-autorun --export-tagged-pdf --disable-search-engine-choice-screen --unsafely-disable-devtools-self-xss-warnings --no-sandbox --user-data-dir=/tmp/playwright_chromiumdev_profile-3KZq4c --remote-debugging-pipe --no-startup-window
  - <launched> pid=1576568
  - [pid=1576568][err] [1576568:1576568:0625/185316.720500:ERROR:ui/ozone/platform/x11/ozone_platform_x11.cc:249] Missing X server or $DISPLAY
  - [pid=1576568][err] [1576568:1576568:0625/185316.720552:ERROR:ui/aura/env.cc:257] The platform failed to initialize.  Exiting.

2025-06-25 18:53:16,746 - root - INFO - Retrying... Attempt 1 of 2
2025-06-25 18:53:17,214 - root - ERROR - Error while processing the base URL: BrowserType.launch: Target page, context or browser has been closed
Browser logs:

╔════════════════════════════════════════════════════════════════════════════════════════════════╗
║ Looks like you launched a headed browser without having a XServer running.                     ║
║ Set either 'headless: true' or use 'xvfb-run <your-playwright-app>' before running Playwright. ║
║                                                                                                ║
║ <3 Playwright Team                                                                             ║
╚════════════════════════════════════════════════════════════════════════════════════════════════╝
Call log:
  - <launching> /home/ubuntu/.cache/ms-playwright/chromium-1169/chrome-linux/chrome --disable-field-trial-config --disable-background-networking --disable-background-timer-throttling --disable-backgrounding-occluded-windows --disable-back-forward-cache --disable-breakpad --disable-client-side-phishing-detection --disable-component-extensions-with-background-pages --disable-component-update --no-default-browser-check --disable-default-apps --disable-dev-shm-usage --disable-extensions --disable-features=AcceptCHFrame,AutoExpandDetailsElement,AvoidUnnecessaryBeforeUnloadCheckSync,CertificateTransparencyComponentUpdater,DeferRendererTasksAfterInput,DestroyProfileOnBrowserClose,DialMediaRouteProvider,ExtensionManifestV2Disabled,GlobalMediaControls,HttpsUpgrades,ImprovedCookieControls,LazyFrameLoading,LensOverlay,MediaRouter,PaintHolding,ThirdPartyStoragePartitioning,Translate --allow-pre-commit-input --disable-hang-monitor --disable-ipc-flooding-protection --disable-popup-blocking --disable-prompt-on-repost --disable-renderer-backgrounding --force-color-profile=srgb --metrics-recording-only --no-first-run --enable-automation --password-store=basic --use-mock-keychain --no-service-autorun --export-tagged-pdf --disable-search-engine-choice-screen --unsafely-disable-devtools-self-xss-warnings --no-sandbox --user-data-dir=/tmp/playwright_chromiumdev_profile-JKNfdk --remote-debugging-pipe --no-startup-window
  - <launched> pid=1576600
  - [pid=1576600][err] [1576600:1576600:0625/185317.184904:ERROR:ui/ozone/platform/x11/ozone_platform_x11.cc:249] Missing X server or $DISPLAY
  - [pid=1576600][err] [1576600:1576600:0625/185317.184951:ERROR:ui/aura/env.cc:257] The platform failed to initialize.  Exiting.

2025-06-25 18:53:17,214 - root - INFO - Retrying... Attempt 2 of 2
2025-06-25 18:53:17,214 - root - ERROR - Failed to retrieve total number of pages after multiple attempts
2025-06-25 18:53:17,214 - root - ERROR - Could not determine total pages for job: Data Infrastructure Engineer
2025-06-25 18:53:17,215 - root - INFO - Generated URL: https://www.welcometothejungle.com/fr/jobs?query=Data%20Pipeline%20Engineer&page=1&aroundQuery=worldwide
2025-06-25 18:53:17,684 - root - ERROR - Error while processing the base URL: BrowserType.launch: Target page, context or browser has been closed
Browser logs:

╔════════════════════════════════════════════════════════════════════════════════════════════════╗
║ Looks like you launched a headed browser without having a XServer running.                     ║
║ Set either 'headless: true' or use 'xvfb-run <your-playwright-app>' before running Playwright. ║
║                                                                                                ║
║ <3 Playwright Team                                                                             ║
╚════════════════════════════════════════════════════════════════════════════════════════════════╝
Call log:
  - <launching> /home/ubuntu/.cache/ms-playwright/chromium-1169/chrome-linux/chrome --disable-field-trial-config --disable-background-networking --disable-background-timer-throttling --disable-backgrounding-occluded-windows --disable-back-forward-cache --disable-breakpad --disable-client-side-phishing-detection --disable-component-extensions-with-background-pages --disable-component-update --no-default-browser-check --disable-default-apps --disable-dev-shm-usage --disable-extensions --disable-features=AcceptCHFrame,AutoExpandDetailsElement,AvoidUnnecessaryBeforeUnloadCheckSync,CertificateTransparencyComponentUpdater,DeferRendererTasksAfterInput,DestroyProfileOnBrowserClose,DialMediaRouteProvider,ExtensionManifestV2Disabled,GlobalMediaControls,HttpsUpgrades,ImprovedCookieControls,LazyFrameLoading,LensOverlay,MediaRouter,PaintHolding,ThirdPartyStoragePartitioning,Translate --allow-pre-commit-input --disable-hang-monitor --disable-ipc-flooding-protection --disable-popup-blocking --disable-prompt-on-repost --disable-renderer-backgrounding --force-color-profile=srgb --metrics-recording-only --no-first-run --enable-automation --password-store=basic --use-mock-keychain --no-service-autorun --export-tagged-pdf --disable-search-engine-choice-screen --unsafely-disable-devtools-self-xss-warnings --no-sandbox --user-data-dir=/tmp/playwright_chromiumdev_profile-cJyQPj --remote-debugging-pipe --no-startup-window
  - <launched> pid=1576633
  - [pid=1576633][err] [1576633:1576633:0625/185317.650749:ERROR:ui/ozone/platform/x11/ozone_platform_x11.cc:249] Missing X server or $DISPLAY
  - [pid=1576633][err] [1576633:1576633:0625/185317.650795:ERROR:ui/aura/env.cc:257] The platform failed to initialize.  Exiting.

2025-06-25 18:53:17,684 - root - INFO - Retrying... Attempt 1 of 2
2025-06-25 18:53:18,151 - root - ERROR - Error while processing the base URL: BrowserType.launch: Target page, context or browser has been closed
Browser logs:

╔════════════════════════════════════════════════════════════════════════════════════════════════╗
║ Looks like you launched a headed browser without having a XServer running.                     ║
║ Set either 'headless: true' or use 'xvfb-run <your-playwright-app>' before running Playwright. ║
║                                                                                                ║
║ <3 Playwright Team                                                                             ║
╚════════════════════════════════════════════════════════════════════════════════════════════════╝
Call log:
  - <launching> /home/ubuntu/.cache/ms-playwright/chromium-1169/chrome-linux/chrome --disable-field-trial-config --disable-background-networking --disable-background-timer-throttling --disable-backgrounding-occluded-windows --disable-back-forward-cache --disable-breakpad --disable-client-side-phishing-detection --disable-component-extensions-with-background-pages --disable-component-update --no-default-browser-check --disable-default-apps --disable-dev-shm-usage --disable-extensions --disable-features=AcceptCHFrame,AutoExpandDetailsElement,AvoidUnnecessaryBeforeUnloadCheckSync,CertificateTransparencyComponentUpdater,DeferRendererTasksAfterInput,DestroyProfileOnBrowserClose,DialMediaRouteProvider,ExtensionManifestV2Disabled,GlobalMediaControls,HttpsUpgrades,ImprovedCookieControls,LazyFrameLoading,LensOverlay,MediaRouter,PaintHolding,ThirdPartyStoragePartitioning,Translate --allow-pre-commit-input --disable-hang-monitor --disable-ipc-flooding-protection --disable-popup-blocking --disable-prompt-on-repost --disable-renderer-backgrounding --force-color-profile=srgb --metrics-recording-only --no-first-run --enable-automation --password-store=basic --use-mock-keychain --no-service-autorun --export-tagged-pdf --disable-search-engine-choice-screen --unsafely-disable-devtools-self-xss-warnings --no-sandbox --user-data-dir=/tmp/playwright_chromiumdev_profile-MJ7uKT --remote-debugging-pipe --no-startup-window
  - <launched> pid=1576682
  - [pid=1576682][err] [1576682:1576682:0625/185318.125600:ERROR:ui/ozone/platform/x11/ozone_platform_x11.cc:249] Missing X server or $DISPLAY
  - [pid=1576682][err] [1576682:1576682:0625/185318.125647:ERROR:ui/aura/env.cc:257] The platform failed to initialize.  Exiting.

2025-06-25 18:53:18,151 - root - INFO - Retrying... Attempt 2 of 2
2025-06-25 18:53:18,152 - root - ERROR - Failed to retrieve total number of pages after multiple attempts
2025-06-25 18:53:18,152 - root - ERROR - Could not determine total pages for job: Data Pipeline Engineer
2025-06-25 18:53:18,152 - root - INFO - Generated URL: https://www.welcometothejungle.com/fr/jobs?query=ETL%20Developer&page=1&aroundQuery=worldwide
2025-06-25 18:53:18,609 - root - ERROR - Error while processing the base URL: BrowserType.launch: Target page, context or browser has been closed
Browser logs:

╔════════════════════════════════════════════════════════════════════════════════════════════════╗
║ Looks like you launched a headed browser without having a XServer running.                     ║
║ Set either 'headless: true' or use 'xvfb-run <your-playwright-app>' before running Playwright. ║
║                                                                                                ║
║ <3 Playwright Team                                                                             ║
╚════════════════════════════════════════════════════════════════════════════════════════════════╝
Call log:
  - <launching> /home/ubuntu/.cache/ms-playwright/chromium-1169/chrome-linux/chrome --disable-field-trial-config --disable-background-networking --disable-background-timer-throttling --disable-backgrounding-occluded-windows --disable-back-forward-cache --disable-breakpad --disable-client-side-phishing-detection --disable-component-extensions-with-background-pages --disable-component-update --no-default-browser-check --disable-default-apps --disable-dev-shm-usage --disable-extensions --disable-features=AcceptCHFrame,AutoExpandDetailsElement,AvoidUnnecessaryBeforeUnloadCheckSync,CertificateTransparencyComponentUpdater,DeferRendererTasksAfterInput,DestroyProfileOnBrowserClose,DialMediaRouteProvider,ExtensionManifestV2Disabled,GlobalMediaControls,HttpsUpgrades,ImprovedCookieControls,LazyFrameLoading,LensOverlay,MediaRouter,PaintHolding,ThirdPartyStoragePartitioning,Translate --allow-pre-commit-input --disable-hang-monitor --disable-ipc-flooding-protection --disable-popup-blocking --disable-prompt-on-repost --disable-renderer-backgrounding --force-color-profile=srgb --metrics-recording-only --no-first-run --enable-automation --password-store=basic --use-mock-keychain --no-service-autorun --export-tagged-pdf --disable-search-engine-choice-screen --unsafely-disable-devtools-self-xss-warnings --no-sandbox --user-data-dir=/tmp/playwright_chromiumdev_profile-tbzzE1 --remote-debugging-pipe --no-startup-window
  - <launched> pid=1576715
  - [pid=1576715][err] [1576715:1576715:0625/185318.584257:ERROR:ui/ozone/platform/x11/ozone_platform_x11.cc:249] Missing X server or $DISPLAY
  - [pid=1576715][err] [1576715:1576715:0625/185318.584392:ERROR:ui/aura/env.cc:257] The platform failed to initialize.  Exiting.

2025-06-25 18:53:18,610 - root - INFO - Retrying... Attempt 1 of 2
2025-06-25 18:53:19,068 - root - ERROR - Error while processing the base URL: BrowserType.launch: Target page, context or browser has been closed
Browser logs:

╔════════════════════════════════════════════════════════════════════════════════════════════════╗
║ Looks like you launched a headed browser without having a XServer running.                     ║
║ Set either 'headless: true' or use 'xvfb-run <your-playwright-app>' before running Playwright. ║
║                                                                                                ║
║ <3 Playwright Team                                                                             ║
╚════════════════════════════════════════════════════════════════════════════════════════════════╝
Call log:
  - <launching> /home/ubuntu/.cache/ms-playwright/chromium-1169/chrome-linux/chrome --disable-field-trial-config --disable-background-networking --disable-background-timer-throttling --disable-backgrounding-occluded-windows --disable-back-forward-cache --disable-breakpad --disable-client-side-phishing-detection --disable-component-extensions-with-background-pages --disable-component-update --no-default-browser-check --disable-default-apps --disable-dev-shm-usage --disable-extensions --disable-features=AcceptCHFrame,AutoExpandDetailsElement,AvoidUnnecessaryBeforeUnloadCheckSync,CertificateTransparencyComponentUpdater,DeferRendererTasksAfterInput,DestroyProfileOnBrowserClose,DialMediaRouteProvider,ExtensionManifestV2Disabled,GlobalMediaControls,HttpsUpgrades,ImprovedCookieControls,LazyFrameLoading,LensOverlay,MediaRouter,PaintHolding,ThirdPartyStoragePartitioning,Translate --allow-pre-commit-input --disable-hang-monitor --disable-ipc-flooding-protection --disable-popup-blocking --disable-prompt-on-repost --disable-renderer-backgrounding --force-color-profile=srgb --metrics-recording-only --no-first-run --enable-automation --password-store=basic --use-mock-keychain --no-service-autorun --export-tagged-pdf --disable-search-engine-choice-screen --unsafely-disable-devtools-self-xss-warnings --no-sandbox --user-data-dir=/tmp/playwright_chromiumdev_profile-F2FmTm --remote-debugging-pipe --no-startup-window
  - <launched> pid=1576748
  - [pid=1576748][err] [1576748:1576748:0625/185319.042391:ERROR:ui/ozone/platform/x11/ozone_platform_x11.cc:249] Missing X server or $DISPLAY
  - [pid=1576748][err] [1576748:1576748:0625/185319.042442:ERROR:ui/aura/env.cc:257] The platform failed to initialize.  Exiting.

2025-06-25 18:53:19,068 - root - INFO - Retrying... Attempt 2 of 2
2025-06-25 18:53:19,068 - root - ERROR - Failed to retrieve total number of pages after multiple attempts
2025-06-25 18:53:19,068 - root - ERROR - Could not determine total pages for job: ETL Developer
2025-06-25 18:53:19,068 - root - INFO - Generated URL: https://www.welcometothejungle.com/fr/jobs?query=sysops&page=1&aroundQuery=worldwide
2025-06-25 18:53:19,534 - root - ERROR - Error while processing the base URL: BrowserType.launch: Target page, context or browser has been closed
Browser logs:

╔════════════════════════════════════════════════════════════════════════════════════════════════╗
║ Looks like you launched a headed browser without having a XServer running.                     ║
║ Set either 'headless: true' or use 'xvfb-run <your-playwright-app>' before running Playwright. ║
║                                                                                                ║
║ <3 Playwright Team                                                                             ║
╚════════════════════════════════════════════════════════════════════════════════════════════════╝
Call log:
  - <launching> /home/ubuntu/.cache/ms-playwright/chromium-1169/chrome-linux/chrome --disable-field-trial-config --disable-background-networking --disable-background-timer-throttling --disable-backgrounding-occluded-windows --disable-back-forward-cache --disable-breakpad --disable-client-side-phishing-detection --disable-component-extensions-with-background-pages --disable-component-update --no-default-browser-check --disable-default-apps --disable-dev-shm-usage --disable-extensions --disable-features=AcceptCHFrame,AutoExpandDetailsElement,AvoidUnnecessaryBeforeUnloadCheckSync,CertificateTransparencyComponentUpdater,DeferRendererTasksAfterInput,DestroyProfileOnBrowserClose,DialMediaRouteProvider,ExtensionManifestV2Disabled,GlobalMediaControls,HttpsUpgrades,ImprovedCookieControls,LazyFrameLoading,LensOverlay,MediaRouter,PaintHolding,ThirdPartyStoragePartitioning,Translate --allow-pre-commit-input --disable-hang-monitor --disable-ipc-flooding-protection --disable-popup-blocking --disable-prompt-on-repost --disable-renderer-backgrounding --force-color-profile=srgb --metrics-recording-only --no-first-run --enable-automation --password-store=basic --use-mock-keychain --no-service-autorun --export-tagged-pdf --disable-search-engine-choice-screen --unsafely-disable-devtools-self-xss-warnings --no-sandbox --user-data-dir=/tmp/playwright_chromiumdev_profile-jzah2q --remote-debugging-pipe --no-startup-window
  - <launched> pid=1576781
  - [pid=1576781][err] [1576781:1576781:0625/185319.508380:ERROR:ui/ozone/platform/x11/ozone_platform_x11.cc:249] Missing X server or $DISPLAY
  - [pid=1576781][err] [1576781:1576781:0625/185319.508433:ERROR:ui/aura/env.cc:257] The platform failed to initialize.  Exiting.

2025-06-25 18:53:19,534 - root - INFO - Retrying... Attempt 1 of 2
2025-06-25 18:53:19,996 - root - ERROR - Error while processing the base URL: BrowserType.launch: Target page, context or browser has been closed
Browser logs:

╔════════════════════════════════════════════════════════════════════════════════════════════════╗
║ Looks like you launched a headed browser without having a XServer running.                     ║
║ Set either 'headless: true' or use 'xvfb-run <your-playwright-app>' before running Playwright. ║
║                                                                                                ║
║ <3 Playwright Team                                                                             ║
╚════════════════════════════════════════════════════════════════════════════════════════════════╝
Call log:
  - <launching> /home/ubuntu/.cache/ms-playwright/chromium-1169/chrome-linux/chrome --disable-field-trial-config --disable-background-networking --disable-background-timer-throttling --disable-backgrounding-occluded-windows --disable-back-forward-cache --disable-breakpad --disable-client-side-phishing-detection --disable-component-extensions-with-background-pages --disable-component-update --no-default-browser-check --disable-default-apps --disable-dev-shm-usage --disable-extensions --disable-features=AcceptCHFrame,AutoExpandDetailsElement,AvoidUnnecessaryBeforeUnloadCheckSync,CertificateTransparencyComponentUpdater,DeferRendererTasksAfterInput,DestroyProfileOnBrowserClose,DialMediaRouteProvider,ExtensionManifestV2Disabled,GlobalMediaControls,HttpsUpgrades,ImprovedCookieControls,LazyFrameLoading,LensOverlay,MediaRouter,PaintHolding,ThirdPartyStoragePartitioning,Translate --allow-pre-commit-input --disable-hang-monitor --disable-ipc-flooding-protection --disable-popup-blocking --disable-prompt-on-repost --disable-renderer-backgrounding --force-color-profile=srgb --metrics-recording-only --no-first-run --enable-automation --password-store=basic --use-mock-keychain --no-service-autorun --export-tagged-pdf --disable-search-engine-choice-screen --unsafely-disable-devtools-self-xss-warnings --no-sandbox --user-data-dir=/tmp/playwright_chromiumdev_profile-l3LvoT --remote-debugging-pipe --no-startup-window
  - <launched> pid=1576814
  - [pid=1576814][err] [1576814:1576814:0625/185319.967553:ERROR:ui/ozone/platform/x11/ozone_platform_x11.cc:249] Missing X server or $DISPLAY
  - [pid=1576814][err] [1576814:1576814:0625/185319.967603:ERROR:ui/aura/env.cc:257] The platform failed to initialize.  Exiting.

2025-06-25 18:53:19,996 - root - INFO - Retrying... Attempt 2 of 2
2025-06-25 18:53:19,996 - root - ERROR - Failed to retrieve total number of pages after multiple attempts
2025-06-25 18:53:19,996 - root - ERROR - Could not determine total pages for job: sysops
2025-06-25 18:55:37,505 - root - INFO - Generated URL: https://www.welcometothejungle.com/fr/jobs?query=data%20architect&page=1&aroundQuery=worldwide
2025-06-25 18:55:43,606 - root - ERROR - Timeout error while extracting total number of pages: Page.wait_for_selector: Timeout 5000ms exceeded.
Call log:
  - waiting for locator("[aria-label=\"Pagination\"]") to be visible

2025-06-25 18:55:43,638 - root - INFO - Retrying... Attempt 1 of 2
2025-06-25 18:55:49,417 - root - ERROR - Timeout error while extracting total number of pages: Page.wait_for_selector: Timeout 5000ms exceeded.
Call log:
  - waiting for locator("[aria-label=\"Pagination\"]") to be visible

2025-06-25 18:55:49,449 - root - INFO - Retrying... Attempt 2 of 2
2025-06-25 18:55:49,450 - root - ERROR - Failed to retrieve total number of pages after multiple attempts
2025-06-25 18:55:49,450 - root - ERROR - Could not determine total pages for job: data architect
2025-06-25 18:55:49,450 - root - INFO - Generated URL: https://www.welcometothejungle.com/fr/jobs?query=data%20engineer&page=1&aroundQuery=worldwide
2025-06-25 18:55:55,207 - root - ERROR - Timeout error while extracting total number of pages: Page.wait_for_selector: Timeout 5000ms exceeded.
Call log:
  - waiting for locator("[aria-label=\"Pagination\"]") to be visible

2025-06-25 18:55:55,241 - root - INFO - Retrying... Attempt 1 of 2
2025-06-25 18:56:01,041 - root - ERROR - Timeout error while extracting total number of pages: Page.wait_for_selector: Timeout 5000ms exceeded.
Call log:
  - waiting for locator("[aria-label=\"Pagination\"]") to be visible

2025-06-25 18:56:01,075 - root - INFO - Retrying... Attempt 2 of 2
2025-06-25 18:56:01,075 - root - ERROR - Failed to retrieve total number of pages after multiple attempts
2025-06-25 18:56:01,075 - root - ERROR - Could not determine total pages for job: data engineer
2025-06-25 18:56:01,075 - root - INFO - Generated URL: https://www.welcometothejungle.com/fr/jobs?query=data%20scientist&page=1&aroundQuery=worldwide
2025-06-25 18:56:06,856 - root - ERROR - Timeout error while extracting total number of pages: Page.wait_for_selector: Timeout 5000ms exceeded.
Call log:
  - waiting for locator("[aria-label=\"Pagination\"]") to be visible

2025-06-25 18:56:06,893 - root - INFO - Retrying... Attempt 1 of 2
2025-06-25 18:56:12,718 - root - ERROR - Timeout error while extracting total number of pages: Page.wait_for_selector: Timeout 5000ms exceeded.
Call log:
  - waiting for locator("[aria-label=\"Pagination\"]") to be visible

2025-06-25 18:56:12,755 - root - INFO - Retrying... Attempt 2 of 2
2025-06-25 18:56:12,755 - root - ERROR - Failed to retrieve total number of pages after multiple attempts
2025-06-25 18:56:12,755 - root - ERROR - Could not determine total pages for job: data scientist
2025-06-25 18:56:12,755 - root - INFO - Generated URL: https://www.welcometothejungle.com/fr/jobs?query=data%20analyst&page=1&aroundQuery=worldwide
2025-06-25 18:56:42,436 - root - INFO - Generated URL: https://www.welcometothejungle.com/fr/jobs?query=data%20architect&page=1&aroundQuery=worldwide
2025-06-25 18:56:48,280 - root - ERROR - Timeout error while extracting total number of pages: Page.wait_for_selector: Timeout 5000ms exceeded.
Call log:
  - waiting for locator("[aria-label=\"Pagination\"]") to be visible

2025-06-25 18:56:48,325 - root - INFO - Retrying... Attempt 1 of 2
2025-06-25 18:56:54,062 - root - ERROR - Timeout error while extracting total number of pages: Page.wait_for_selector: Timeout 5000ms exceeded.
Call log:
  - waiting for locator("[aria-label=\"Pagination\"]") to be visible

2025-06-25 18:56:54,096 - root - INFO - Retrying... Attempt 2 of 2
2025-06-25 18:56:54,096 - root - ERROR - Failed to retrieve total number of pages after multiple attempts
2025-06-25 18:56:54,096 - root - ERROR - Could not determine total pages for job: data architect
2025-06-25 18:56:54,096 - root - INFO - Generated URL: https://www.welcometothejungle.com/fr/jobs?query=data%20engineer&page=1&aroundQuery=worldwide
2025-06-25 18:56:59,858 - root - ERROR - Timeout error while extracting total number of pages: Page.wait_for_selector: Timeout 5000ms exceeded.
Call log:
  - waiting for locator("[aria-label=\"Pagination\"]") to be visible

2025-06-25 18:56:59,894 - root - INFO - Retrying... Attempt 1 of 2
2025-06-25 18:58:08,609 - root - INFO - Generated URL: https://www.welcometothejungle.com/fr/jobs?query=data%20architect&page=1&aroundQuery=worldwide
2025-06-25 18:58:14,556 - root - ERROR - Timeout error while extracting total number of pages: Page.wait_for_selector: Timeout 5000ms exceeded.
Call log:
  - waiting for locator("[aria-label=\"Pagination\"]") to be visible

2025-06-25 18:58:14,673 - root - INFO - Retrying... Attempt 1 of 2
2025-06-25 18:58:20,553 - root - ERROR - Timeout error while extracting total number of pages: Page.wait_for_selector: Timeout 5000ms exceeded.
Call log:
  - waiting for locator("[aria-label=\"Pagination\"]") to be visible

2025-06-25 18:58:20,587 - root - INFO - Retrying... Attempt 2 of 2
2025-06-25 18:58:20,587 - root - ERROR - Failed to retrieve total number of pages after multiple attempts
2025-06-25 18:58:20,587 - root - ERROR - Could not determine total pages for job: data architect
2025-06-25 18:58:20,587 - root - INFO - Generated URL: https://www.welcometothejungle.com/fr/jobs?query=data%20engineer&page=1&aroundQuery=worldwide
2025-06-25 18:58:26,321 - root - ERROR - Timeout error while extracting total number of pages: Page.wait_for_selector: Timeout 5000ms exceeded.
Call log:
  - waiting for locator("[aria-label=\"Pagination\"]") to be visible

2025-06-25 18:58:26,355 - root - INFO - Retrying... Attempt 1 of 2
2025-06-25 18:58:32,162 - root - ERROR - Timeout error while extracting total number of pages: Page.wait_for_selector: Timeout 5000ms exceeded.
Call log:
  - waiting for locator("[aria-label=\"Pagination\"]") to be visible

2025-06-25 18:58:32,200 - root - INFO - Retrying... Attempt 2 of 2
2025-06-25 18:58:32,200 - root - ERROR - Failed to retrieve total number of pages after multiple attempts
2025-06-25 18:58:32,200 - root - ERROR - Could not determine total pages for job: data engineer
2025-06-25 18:58:32,200 - root - INFO - Generated URL: https://www.welcometothejungle.com/fr/jobs?query=data%20scientist&page=1&aroundQuery=worldwide
2025-06-25 18:58:37,923 - root - ERROR - Timeout error while extracting total number of pages: Page.wait_for_selector: Timeout 5000ms exceeded.
Call log:
  - waiting for locator("[aria-label=\"Pagination\"]") to be visible

2025-06-25 18:58:37,957 - root - INFO - Retrying... Attempt 1 of 2
2025-06-25 19:07:32,694 - root - INFO - Generated URL: https://www.welcometothejungle.com/fr/jobs?query=data%20architect&page=1&aroundQuery=worldwide
2025-06-25 19:07:42,297 - root - ERROR - Timeout error while extracting total number of pages: Page.wait_for_selector: Timeout 5000ms exceeded.
Call log:
  - waiting for locator("li.sc-kJwGll.fxIbsX a") to be visible

2025-06-25 19:07:42,331 - root - INFO - Retrying... Attempt 1 of 2
2025-06-25 19:07:48,068 - root - ERROR - Timeout error while extracting total number of pages: Page.wait_for_selector: Timeout 5000ms exceeded.
Call log:
  - waiting for locator("li.sc-kJwGll.fxIbsX a") to be visible

2025-06-25 19:07:48,103 - root - INFO - Retrying... Attempt 2 of 2
2025-06-25 19:07:48,103 - root - ERROR - Failed to retrieve total number of pages after multiple attempts
2025-06-25 19:07:48,103 - root - ERROR - Could not determine total pages for job: data architect
2025-06-25 19:07:48,104 - root - INFO - Generated URL: https://www.welcometothejungle.com/fr/jobs?query=data%20engineer&page=1&aroundQuery=worldwide
2025-06-25 19:07:53,854 - root - ERROR - Timeout error while extracting total number of pages: Page.wait_for_selector: Timeout 5000ms exceeded.
Call log:
  - waiting for locator("li.sc-kJwGll.fxIbsX a") to be visible

2025-06-25 19:07:53,887 - root - INFO - Retrying... Attempt 1 of 2
2025-06-25 19:07:59,625 - root - ERROR - Timeout error while extracting total number of pages: Page.wait_for_selector: Timeout 5000ms exceeded.
Call log:
  - waiting for locator("li.sc-kJwGll.fxIbsX a") to be visible

2025-06-25 19:07:59,662 - root - INFO - Retrying... Attempt 2 of 2
2025-06-25 19:07:59,662 - root - ERROR - Failed to retrieve total number of pages after multiple attempts
2025-06-25 19:07:59,662 - root - ERROR - Could not determine total pages for job: data engineer
2025-06-25 19:07:59,662 - root - INFO - Generated URL: https://www.welcometothejungle.com/fr/jobs?query=data%20scientist&page=1&aroundQuery=worldwide
2025-06-25 19:08:05,405 - root - ERROR - Timeout error while extracting total number of pages: Page.wait_for_selector: Timeout 5000ms exceeded.
Call log:
  - waiting for locator("li.sc-kJwGll.fxIbsX a") to be visible

2025-06-25 19:08:05,442 - root - INFO - Retrying... Attempt 1 of 2
2025-06-25 19:08:11,216 - root - ERROR - Timeout error while extracting total number of pages: Page.wait_for_selector: Timeout 5000ms exceeded.
Call log:
  - waiting for locator("li.sc-kJwGll.fxIbsX a") to be visible

2025-06-25 19:08:11,248 - root - INFO - Retrying... Attempt 2 of 2
2025-06-25 19:08:11,248 - root - ERROR - Failed to retrieve total number of pages after multiple attempts
2025-06-25 19:08:11,248 - root - ERROR - Could not determine total pages for job: data scientist
2025-06-25 19:08:11,248 - root - INFO - Generated URL: https://www.welcometothejungle.com/fr/jobs?query=data%20analyst&page=1&aroundQuery=worldwide
2025-06-25 19:08:17,005 - root - ERROR - Timeout error while extracting total number of pages: Page.wait_for_selector: Timeout 5000ms exceeded.
Call log:
  - waiting for locator("li.sc-kJwGll.fxIbsX a") to be visible

2025-06-25 19:08:17,042 - root - INFO - Retrying... Attempt 1 of 2
2025-06-25 19:08:22,811 - root - ERROR - Timeout error while extracting total number of pages: Page.wait_for_selector: Timeout 5000ms exceeded.
Call log:
  - waiting for locator("li.sc-kJwGll.fxIbsX a") to be visible

2025-06-25 19:08:22,846 - root - INFO - Retrying... Attempt 2 of 2
2025-06-25 19:08:22,846 - root - ERROR - Failed to retrieve total number of pages after multiple attempts
2025-06-25 19:08:22,846 - root - ERROR - Could not determine total pages for job: data analyst
2025-06-25 19:08:22,846 - root - INFO - Generated URL: https://www.welcometothejungle.com/fr/jobs?query=data%20manager&page=1&aroundQuery=worldwide
2025-06-25 19:08:28,595 - root - ERROR - Timeout error while extracting total number of pages: Page.wait_for_selector: Timeout 5000ms exceeded.
Call log:
  - waiting for locator("li.sc-kJwGll.fxIbsX a") to be visible

2025-06-25 19:08:28,630 - root - INFO - Retrying... Attempt 1 of 2
2025-06-25 19:08:34,436 - root - ERROR - Timeout error while extracting total number of pages: Page.wait_for_selector: Timeout 5000ms exceeded.
Call log:
  - waiting for locator("li.sc-kJwGll.fxIbsX a") to be visible

2025-06-25 19:08:34,471 - root - INFO - Retrying... Attempt 2 of 2
2025-06-25 19:08:34,471 - root - ERROR - Failed to retrieve total number of pages after multiple attempts
2025-06-25 19:08:34,471 - root - ERROR - Could not determine total pages for job: data manager
2025-06-25 19:08:34,471 - root - INFO - Generated URL: https://www.welcometothejungle.com/fr/jobs?query=software%20engineer&page=1&aroundQuery=worldwide
2025-06-25 19:08:40,377 - root - ERROR - Timeout error while extracting total number of pages: Page.wait_for_selector: Timeout 5000ms exceeded.
Call log:
  - waiting for locator("li.sc-kJwGll.fxIbsX a") to be visible

2025-06-25 19:08:40,413 - root - INFO - Retrying... Attempt 1 of 2
2025-06-25 19:08:46,187 - root - ERROR - Timeout error while extracting total number of pages: Page.wait_for_selector: Timeout 5000ms exceeded.
Call log:
  - waiting for locator("li.sc-kJwGll.fxIbsX a") to be visible

2025-06-25 19:08:46,225 - root - INFO - Retrying... Attempt 2 of 2
2025-06-25 19:08:46,225 - root - ERROR - Failed to retrieve total number of pages after multiple attempts
2025-06-25 19:08:46,225 - root - ERROR - Could not determine total pages for job: software engineer
2025-06-25 19:08:46,225 - root - INFO - Generated URL: https://www.welcometothejungle.com/fr/jobs?query=Data%20Warehousing%20Engineer&page=1&aroundQuery=worldwide
2025-06-25 19:08:52,041 - root - ERROR - Timeout error while extracting total number of pages: Page.wait_for_selector: Timeout 5000ms exceeded.
Call log:
  - waiting for locator("li.sc-kJwGll.fxIbsX a") to be visible

2025-06-25 19:08:52,076 - root - INFO - Retrying... Attempt 1 of 2
2025-06-25 19:08:57,827 - root - ERROR - Timeout error while extracting total number of pages: Page.wait_for_selector: Timeout 5000ms exceeded.
Call log:
  - waiting for locator("li.sc-kJwGll.fxIbsX a") to be visible

2025-06-25 19:08:57,866 - root - INFO - Retrying... Attempt 2 of 2
2025-06-25 19:08:57,866 - root - ERROR - Failed to retrieve total number of pages after multiple attempts
2025-06-25 19:08:57,866 - root - ERROR - Could not determine total pages for job: Data Warehousing Engineer
2025-06-25 19:08:57,867 - root - INFO - Generated URL: https://www.welcometothejungle.com/fr/jobs?query=Machine%20Learning%20Engineer&page=1&aroundQuery=worldwide
2025-06-25 19:09:03,683 - root - ERROR - Timeout error while extracting total number of pages: Page.wait_for_selector: Timeout 5000ms exceeded.
Call log:
  - waiting for locator("li.sc-kJwGll.fxIbsX a") to be visible

2025-06-25 19:09:03,720 - root - INFO - Retrying... Attempt 1 of 2
2025-06-25 19:09:09,449 - root - ERROR - Timeout error while extracting total number of pages: Page.wait_for_selector: Timeout 5000ms exceeded.
Call log:
  - waiting for locator("li.sc-kJwGll.fxIbsX a") to be visible

2025-06-25 19:09:09,486 - root - INFO - Retrying... Attempt 2 of 2
2025-06-25 19:09:09,486 - root - ERROR - Failed to retrieve total number of pages after multiple attempts
2025-06-25 19:09:09,486 - root - ERROR - Could not determine total pages for job: Machine Learning Engineer
2025-06-25 19:09:09,486 - root - INFO - Generated URL: https://www.welcometothejungle.com/fr/jobs?query=cloud%20architect&page=1&aroundQuery=worldwide
2025-06-25 19:09:15,234 - root - ERROR - Timeout error while extracting total number of pages: Page.wait_for_selector: Timeout 5000ms exceeded.
Call log:
  - waiting for locator("li.sc-kJwGll.fxIbsX a") to be visible

2025-06-25 19:09:15,270 - root - INFO - Retrying... Attempt 1 of 2
2025-06-25 19:09:21,035 - root - ERROR - Timeout error while extracting total number of pages: Page.wait_for_selector: Timeout 5000ms exceeded.
Call log:
  - waiting for locator("li.sc-kJwGll.fxIbsX a") to be visible

2025-06-25 19:09:21,071 - root - INFO - Retrying... Attempt 2 of 2
2025-06-25 19:09:21,071 - root - ERROR - Failed to retrieve total number of pages after multiple attempts
2025-06-25 19:09:21,071 - root - ERROR - Could not determine total pages for job: cloud architect
2025-06-25 19:09:21,071 - root - INFO - Generated URL: https://www.welcometothejungle.com/fr/jobs?query=solution%20architect&page=1&aroundQuery=worldwide
2025-06-25 19:09:26,860 - root - ERROR - Timeout error while extracting total number of pages: Page.wait_for_selector: Timeout 5000ms exceeded.
Call log:
  - waiting for locator("li.sc-kJwGll.fxIbsX a") to be visible

2025-06-25 19:09:26,893 - root - INFO - Retrying... Attempt 1 of 2
2025-06-25 19:09:32,685 - root - ERROR - Timeout error while extracting total number of pages: Page.wait_for_selector: Timeout 5000ms exceeded.
Call log:
  - waiting for locator("li.sc-kJwGll.fxIbsX a") to be visible

2025-06-25 19:09:32,721 - root - INFO - Retrying... Attempt 2 of 2
2025-06-25 19:09:32,721 - root - ERROR - Failed to retrieve total number of pages after multiple attempts
2025-06-25 19:09:32,721 - root - ERROR - Could not determine total pages for job: solution architect
2025-06-25 19:09:32,721 - root - INFO - Generated URL: https://www.welcometothejungle.com/fr/jobs?query=cloud%20engineer&page=1&aroundQuery=worldwide
2025-06-25 19:09:38,525 - root - ERROR - Timeout error while extracting total number of pages: Page.wait_for_selector: Timeout 5000ms exceeded.
Call log:
  - waiting for locator("li.sc-kJwGll.fxIbsX a") to be visible

2025-06-25 19:09:38,560 - root - INFO - Retrying... Attempt 1 of 2
2025-06-25 19:09:44,503 - root - ERROR - Timeout error while extracting total number of pages: Page.wait_for_selector: Timeout 5000ms exceeded.
Call log:
  - waiting for locator("li.sc-kJwGll.fxIbsX a") to be visible

2025-06-25 19:09:44,538 - root - INFO - Retrying... Attempt 2 of 2
2025-06-25 19:09:44,538 - root - ERROR - Failed to retrieve total number of pages after multiple attempts
2025-06-25 19:09:44,538 - root - ERROR - Could not determine total pages for job: cloud engineer
2025-06-25 19:09:44,539 - root - INFO - Generated URL: https://www.welcometothejungle.com/fr/jobs?query=big%20data%20engineer&page=1&aroundQuery=worldwide
2025-06-25 19:09:50,337 - root - ERROR - Timeout error while extracting total number of pages: Page.wait_for_selector: Timeout 5000ms exceeded.
Call log:
  - waiting for locator("li.sc-kJwGll.fxIbsX a") to be visible

2025-06-25 19:09:50,372 - root - INFO - Retrying... Attempt 1 of 2
2025-06-25 19:09:56,181 - root - ERROR - Timeout error while extracting total number of pages: Page.wait_for_selector: Timeout 5000ms exceeded.
Call log:
  - waiting for locator("li.sc-kJwGll.fxIbsX a") to be visible

2025-06-25 19:09:56,221 - root - INFO - Retrying... Attempt 2 of 2
2025-06-25 19:09:56,222 - root - ERROR - Failed to retrieve total number of pages after multiple attempts
2025-06-25 19:09:56,222 - root - ERROR - Could not determine total pages for job: big data engineer
2025-06-25 19:09:56,222 - root - INFO - Generated URL: https://www.welcometothejungle.com/fr/jobs?query=Data%20Infrastructure%20Engineer&page=1&aroundQuery=worldwide
2025-06-25 19:26:47,840 - root - INFO - Generated URL: https://www.welcometothejungle.com/fr/jobs?query=data%20architect&page=1&aroundQuery=worldwide
2025-06-25 19:27:03,819 - root - ERROR - Timeout error while extracting total number of pages: Page.wait_for_selector: Timeout 15000ms exceeded.
Call log:
  - waiting for locator("a.sc-kVjqSu.gEPmms")

2025-06-25 19:27:03,855 - root - INFO - Retrying... Attempt 1 of 2
2025-06-25 19:27:19,633 - root - ERROR - Timeout error while extracting total number of pages: Page.wait_for_selector: Timeout 15000ms exceeded.
Call log:
  - waiting for locator("a.sc-kVjqSu.gEPmms")

2025-06-25 19:27:19,666 - root - INFO - Retrying... Attempt 2 of 2
2025-06-25 19:27:19,666 - root - ERROR - Failed to retrieve total number of pages after multiple attempts
2025-06-25 19:27:19,667 - root - ERROR - Could not determine total pages for job: data architect
2025-06-25 19:27:19,667 - root - INFO - Generated URL: https://www.welcometothejungle.com/fr/jobs?query=data%20engineer&page=1&aroundQuery=worldwide
2025-06-25 19:27:35,412 - root - ERROR - Timeout error while extracting total number of pages: Page.wait_for_selector: Timeout 15000ms exceeded.
Call log:
  - waiting for locator("a.sc-kVjqSu.gEPmms")

2025-06-25 19:27:35,443 - root - INFO - Retrying... Attempt 1 of 2
2025-06-25 19:31:26,609 - root - INFO - Generated URL: https://www.welcometothejungle.com/fr/jobs?query=data%20architect&page=1&aroundQuery=worldwide
2025-06-25 19:32:23,445 - root - INFO - Generated URL: https://www.welcometothejungle.com/fr/jobs?query=data%20architect&page=1&aroundQuery=worldwide
2025-06-25 19:32:39,351 - root - ERROR - Timeout error while extracting total number of pages: Page.wait_for_selector: Timeout 15000ms exceeded.
Call log:
  - waiting for locator("a.sc-kVjqSu.gEPmms")

2025-06-25 19:32:39,384 - root - INFO - Retrying... Attempt 1 of 2
2025-06-25 19:32:55,166 - root - ERROR - Timeout error while extracting total number of pages: Page.wait_for_selector: Timeout 15000ms exceeded.
Call log:
  - waiting for locator("a.sc-kVjqSu.gEPmms")

2025-06-25 19:32:55,198 - root - INFO - Retrying... Attempt 2 of 2
2025-06-25 19:32:55,198 - root - ERROR - Failed to retrieve total number of pages after multiple attempts
2025-06-25 19:32:55,198 - root - ERROR - Could not determine total pages for job: data architect
2025-06-25 19:32:55,198 - root - INFO - Generated URL: https://www.welcometothejungle.com/fr/jobs?query=data%20engineer&page=1&aroundQuery=worldwide
2025-06-25 22:05:28,874 - root - INFO - Generated URL: https://www.welcometothejungle.com/fr/jobs?query=data%20architect&page=1&aroundQuery=worldwide
2025-06-25 22:05:29,599 - root - ERROR - Error while processing the base URL: type object 'Stealth' has no attribute 'apply'
2025-06-25 22:05:29,600 - root - INFO - Retrying... Attempt 1 of 2
2025-06-25 22:05:30,168 - root - ERROR - Error while processing the base URL: type object 'Stealth' has no attribute 'apply'
2025-06-25 22:05:30,168 - root - INFO - Retrying... Attempt 2 of 2
2025-06-25 22:05:30,168 - root - ERROR - Failed to retrieve total number of pages after multiple attempts
2025-06-25 22:05:30,168 - root - ERROR - Could not determine total pages for job: data architect
2025-06-25 22:05:30,168 - root - INFO - Generated URL: https://www.welcometothejungle.com/fr/jobs?query=data%20engineer&page=1&aroundQuery=worldwide
2025-06-25 22:05:30,725 - root - ERROR - Error while processing the base URL: type object 'Stealth' has no attribute 'apply'
2025-06-25 22:05:30,726 - root - INFO - Retrying... Attempt 1 of 2
2025-06-25 22:05:31,286 - root - ERROR - Error while processing the base URL: type object 'Stealth' has no attribute 'apply'
2025-06-25 22:05:31,286 - root - INFO - Retrying... Attempt 2 of 2
2025-06-25 22:05:31,286 - root - ERROR - Failed to retrieve total number of pages after multiple attempts
2025-06-25 22:05:31,287 - root - ERROR - Could not determine total pages for job: data engineer
2025-06-25 22:05:31,287 - root - INFO - Generated URL: https://www.welcometothejungle.com/fr/jobs?query=data%20scientist&page=1&aroundQuery=worldwide
2025-06-25 22:05:31,845 - root - ERROR - Error while processing the base URL: type object 'Stealth' has no attribute 'apply'
2025-06-25 22:05:31,845 - root - INFO - Retrying... Attempt 1 of 2
2025-06-25 22:05:32,408 - root - ERROR - Error while processing the base URL: type object 'Stealth' has no attribute 'apply'
2025-06-25 22:05:32,408 - root - INFO - Retrying... Attempt 2 of 2
2025-06-25 22:05:32,408 - root - ERROR - Failed to retrieve total number of pages after multiple attempts
2025-06-25 22:05:32,408 - root - ERROR - Could not determine total pages for job: data scientist
2025-06-25 22:05:32,408 - root - INFO - Generated URL: https://www.welcometothejungle.com/fr/jobs?query=data%20analyst&page=1&aroundQuery=worldwide
2025-06-25 22:05:32,962 - root - ERROR - Error while processing the base URL: type object 'Stealth' has no attribute 'apply'
2025-06-25 22:05:32,962 - root - INFO - Retrying... Attempt 1 of 2
2025-06-25 22:05:33,516 - root - ERROR - Error while processing the base URL: type object 'Stealth' has no attribute 'apply'
2025-06-25 22:05:33,516 - root - INFO - Retrying... Attempt 2 of 2
2025-06-25 22:05:33,516 - root - ERROR - Failed to retrieve total number of pages after multiple attempts
2025-06-25 22:05:33,516 - root - ERROR - Could not determine total pages for job: data analyst
2025-06-25 22:05:33,516 - root - INFO - Generated URL: https://www.welcometothejungle.com/fr/jobs?query=data%20manager&page=1&aroundQuery=worldwide
2025-06-25 22:05:34,082 - root - ERROR - Error while processing the base URL: type object 'Stealth' has no attribute 'apply'
2025-06-25 22:05:34,082 - root - INFO - Retrying... Attempt 1 of 2
2025-06-25 22:05:34,673 - root - ERROR - Error while processing the base URL: type object 'Stealth' has no attribute 'apply'
2025-06-25 22:05:34,673 - root - INFO - Retrying... Attempt 2 of 2
2025-06-25 22:05:34,673 - root - ERROR - Failed to retrieve total number of pages after multiple attempts
2025-06-25 22:05:34,673 - root - ERROR - Could not determine total pages for job: data manager
2025-06-25 22:05:34,673 - root - INFO - Generated URL: https://www.welcometothejungle.com/fr/jobs?query=software%20engineer&page=1&aroundQuery=worldwide
2025-06-25 22:05:35,256 - root - ERROR - Error while processing the base URL: type object 'Stealth' has no attribute 'apply'
2025-06-25 22:05:35,256 - root - INFO - Retrying... Attempt 1 of 2
2025-06-25 22:05:35,800 - root - ERROR - Error while processing the base URL: type object 'Stealth' has no attribute 'apply'
2025-06-25 22:05:35,800 - root - INFO - Retrying... Attempt 2 of 2
2025-06-25 22:05:35,800 - root - ERROR - Failed to retrieve total number of pages after multiple attempts
2025-06-25 22:05:35,800 - root - ERROR - Could not determine total pages for job: software engineer
2025-06-25 22:05:35,800 - root - INFO - Generated URL: https://www.welcometothejungle.com/fr/jobs?query=Machine%20Learning%20Engineer&page=1&aroundQuery=worldwide
2025-06-25 22:05:36,371 - root - ERROR - Error while processing the base URL: type object 'Stealth' has no attribute 'apply'
2025-06-25 22:05:36,372 - root - INFO - Retrying... Attempt 1 of 2
2025-06-25 22:05:36,928 - root - ERROR - Error while processing the base URL: type object 'Stealth' has no attribute 'apply'
2025-06-25 22:05:36,928 - root - INFO - Retrying... Attempt 2 of 2
2025-06-25 22:05:36,928 - root - ERROR - Failed to retrieve total number of pages after multiple attempts
2025-06-25 22:05:36,928 - root - ERROR - Could not determine total pages for job: Machine Learning Engineer
2025-06-25 22:05:36,928 - root - INFO - Generated URL: https://www.welcometothejungle.com/fr/jobs?query=cloud%20architect&page=1&aroundQuery=worldwide
2025-06-25 22:05:37,488 - root - ERROR - Error while processing the base URL: type object 'Stealth' has no attribute 'apply'
2025-06-25 22:05:37,488 - root - INFO - Retrying... Attempt 1 of 2
2025-06-25 22:05:38,057 - root - ERROR - Error while processing the base URL: type object 'Stealth' has no attribute 'apply'
2025-06-25 22:05:38,057 - root - INFO - Retrying... Attempt 2 of 2
2025-06-25 22:05:38,057 - root - ERROR - Failed to retrieve total number of pages after multiple attempts
2025-06-25 22:05:38,057 - root - ERROR - Could not determine total pages for job: cloud architect
2025-06-25 22:05:38,057 - root - INFO - Generated URL: https://www.welcometothejungle.com/fr/jobs?query=solution%20architect&page=1&aroundQuery=worldwide
2025-06-25 22:05:38,612 - root - ERROR - Error while processing the base URL: type object 'Stealth' has no attribute 'apply'
2025-06-25 22:05:38,612 - root - INFO - Retrying... Attempt 1 of 2
2025-06-25 22:05:39,165 - root - ERROR - Error while processing the base URL: type object 'Stealth' has no attribute 'apply'
2025-06-25 22:05:39,165 - root - INFO - Retrying... Attempt 2 of 2
2025-06-25 22:05:39,165 - root - ERROR - Failed to retrieve total number of pages after multiple attempts
2025-06-25 22:05:39,165 - root - ERROR - Could not determine total pages for job: solution architect
2025-06-25 22:05:39,165 - root - INFO - Generated URL: https://www.welcometothejungle.com/fr/jobs?query=cloud%20engineer&page=1&aroundQuery=worldwide
2025-06-25 22:05:39,719 - root - ERROR - Error while processing the base URL: type object 'Stealth' has no attribute 'apply'
2025-06-25 22:05:39,720 - root - INFO - Retrying... Attempt 1 of 2
2025-06-25 22:07:39,714 - root - INFO - Generated URL: https://www.welcometothejungle.com/fr/jobs?query=data%20architect&page=1&aroundQuery=worldwide
2025-06-25 22:07:40,285 - root - ERROR - Error while processing the base URL: Stealth.__init__() takes 1 positional argument but 2 were given
2025-06-25 22:07:40,286 - root - INFO - Retrying... Attempt 1 of 2
2025-06-25 22:07:40,837 - root - ERROR - Error while processing the base URL: Stealth.__init__() takes 1 positional argument but 2 were given
2025-06-25 22:07:40,837 - root - INFO - Retrying... Attempt 2 of 2
2025-06-25 22:07:40,837 - root - ERROR - Failed to retrieve total number of pages after multiple attempts
2025-06-25 22:07:40,837 - root - ERROR - Could not determine total pages for job: data architect
2025-06-25 22:07:40,837 - root - INFO - Generated URL: https://www.welcometothejungle.com/fr/jobs?query=data%20engineer&page=1&aroundQuery=worldwide
2025-06-25 22:07:41,387 - root - ERROR - Error while processing the base URL: Stealth.__init__() takes 1 positional argument but 2 were given
2025-06-25 22:07:41,387 - root - INFO - Retrying... Attempt 1 of 2
2025-06-25 22:07:41,935 - root - ERROR - Error while processing the base URL: Stealth.__init__() takes 1 positional argument but 2 were given
2025-06-25 22:07:41,935 - root - INFO - Retrying... Attempt 2 of 2
2025-06-25 22:07:41,935 - root - ERROR - Failed to retrieve total number of pages after multiple attempts
2025-06-25 22:07:41,935 - root - ERROR - Could not determine total pages for job: data engineer
2025-06-25 22:07:41,935 - root - INFO - Generated URL: https://www.welcometothejungle.com/fr/jobs?query=data%20scientist&page=1&aroundQuery=worldwide
2025-06-25 22:07:42,503 - root - ERROR - Error while processing the base URL: Stealth.__init__() takes 1 positional argument but 2 were given
2025-06-25 22:07:42,503 - root - INFO - Retrying... Attempt 1 of 2
2025-06-25 22:07:43,083 - root - ERROR - Error while processing the base URL: Stealth.__init__() takes 1 positional argument but 2 were given
2025-06-25 22:07:43,083 - root - INFO - Retrying... Attempt 2 of 2
2025-06-25 22:07:43,083 - root - ERROR - Failed to retrieve total number of pages after multiple attempts
2025-06-25 22:07:43,083 - root - ERROR - Could not determine total pages for job: data scientist
2025-06-25 22:07:43,083 - root - INFO - Generated URL: https://www.welcometothejungle.com/fr/jobs?query=data%20analyst&page=1&aroundQuery=worldwide
2025-06-25 22:07:43,649 - root - ERROR - Error while processing the base URL: Stealth.__init__() takes 1 positional argument but 2 were given
2025-06-25 22:07:43,650 - root - INFO - Retrying... Attempt 1 of 2
2025-06-25 22:07:44,235 - root - ERROR - Error while processing the base URL: Stealth.__init__() takes 1 positional argument but 2 were given
2025-06-25 22:07:44,235 - root - INFO - Retrying... Attempt 2 of 2
2025-06-25 22:07:44,235 - root - ERROR - Failed to retrieve total number of pages after multiple attempts
2025-06-25 22:07:44,235 - root - ERROR - Could not determine total pages for job: data analyst
2025-06-25 22:07:44,235 - root - INFO - Generated URL: https://www.welcometothejungle.com/fr/jobs?query=data%20manager&page=1&aroundQuery=worldwide
2025-06-25 22:07:44,793 - root - ERROR - Error while processing the base URL: Stealth.__init__() takes 1 positional argument but 2 were given
2025-06-25 22:07:44,794 - root - INFO - Retrying... Attempt 1 of 2
2025-06-25 22:07:45,356 - root - ERROR - Error while processing the base URL: Stealth.__init__() takes 1 positional argument but 2 were given
2025-06-25 22:07:45,357 - root - INFO - Retrying... Attempt 2 of 2
2025-06-25 22:07:45,357 - root - ERROR - Failed to retrieve total number of pages after multiple attempts
2025-06-25 22:07:45,357 - root - ERROR - Could not determine total pages for job: data manager
2025-06-25 22:07:45,357 - root - INFO - Generated URL: https://www.welcometothejungle.com/fr/jobs?query=software%20engineer&page=1&aroundQuery=worldwide
2025-06-25 22:07:45,912 - root - ERROR - Error while processing the base URL: Stealth.__init__() takes 1 positional argument but 2 were given
2025-06-25 22:07:45,912 - root - INFO - Retrying... Attempt 1 of 2
2025-06-25 22:07:46,482 - root - ERROR - Error while processing the base URL: Stealth.__init__() takes 1 positional argument but 2 were given
2025-06-25 22:07:46,483 - root - INFO - Retrying... Attempt 2 of 2
2025-06-25 22:07:46,483 - root - ERROR - Failed to retrieve total number of pages after multiple attempts
2025-06-25 22:07:46,483 - root - ERROR - Could not determine total pages for job: software engineer
2025-06-25 22:07:46,483 - root - INFO - Generated URL: https://www.welcometothejungle.com/fr/jobs?query=Machine%20Learning%20Engineer&page=1&aroundQuery=worldwide
2025-06-25 22:07:47,060 - root - ERROR - Error while processing the base URL: Stealth.__init__() takes 1 positional argument but 2 were given
2025-06-25 22:07:47,060 - root - INFO - Retrying... Attempt 1 of 2
2025-06-25 22:07:47,616 - root - ERROR - Error while processing the base URL: Stealth.__init__() takes 1 positional argument but 2 were given
2025-06-25 22:07:47,616 - root - INFO - Retrying... Attempt 2 of 2
2025-06-25 22:07:47,616 - root - ERROR - Failed to retrieve total number of pages after multiple attempts
2025-06-25 22:07:47,617 - root - ERROR - Could not determine total pages for job: Machine Learning Engineer
2025-06-25 22:07:47,617 - root - INFO - Generated URL: https://www.welcometothejungle.com/fr/jobs?query=cloud%20architect&page=1&aroundQuery=worldwide
2025-06-25 22:07:48,206 - root - ERROR - Error while processing the base URL: Stealth.__init__() takes 1 positional argument but 2 were given
2025-06-25 22:07:48,206 - root - INFO - Retrying... Attempt 1 of 2
2025-06-25 22:09:55,158 - root - INFO - Generated URL: https://www.welcometothejungle.com/fr/jobs?query=data%20architect&page=1&aroundQuery=worldwide
2025-06-25 22:09:55,738 - root - ERROR - Error while processing the base URL: Stealth.__init__() takes 1 positional argument but 2 were given
2025-06-25 22:09:55,739 - root - INFO - Retrying... Attempt 1 of 2
2025-06-25 22:09:56,297 - root - ERROR - Error while processing the base URL: Stealth.__init__() takes 1 positional argument but 2 were given
2025-06-25 22:09:56,297 - root - INFO - Retrying... Attempt 2 of 2
2025-06-25 22:09:56,297 - root - ERROR - Failed to retrieve total number of pages after multiple attempts
2025-06-25 22:09:56,298 - root - ERROR - Could not determine total pages for job: data architect
2025-06-25 22:09:56,298 - root - INFO - Generated URL: https://www.welcometothejungle.com/fr/jobs?query=data%20engineer&page=1&aroundQuery=worldwide
2025-06-25 22:09:56,863 - root - ERROR - Error while processing the base URL: Stealth.__init__() takes 1 positional argument but 2 were given
2025-06-25 22:09:56,863 - root - INFO - Retrying... Attempt 1 of 2
2025-06-25 22:09:57,416 - root - ERROR - Error while processing the base URL: Stealth.__init__() takes 1 positional argument but 2 were given
2025-06-25 22:09:57,416 - root - INFO - Retrying... Attempt 2 of 2
2025-06-25 22:09:57,416 - root - ERROR - Failed to retrieve total number of pages after multiple attempts
2025-06-25 22:09:57,417 - root - ERROR - Could not determine total pages for job: data engineer
2025-06-25 22:09:57,417 - root - INFO - Generated URL: https://www.welcometothejungle.com/fr/jobs?query=data%20scientist&page=1&aroundQuery=worldwide
2025-06-25 22:09:57,976 - root - ERROR - Error while processing the base URL: Stealth.__init__() takes 1 positional argument but 2 were given
2025-06-25 22:09:57,977 - root - INFO - Retrying... Attempt 1 of 2
2025-06-25 22:09:58,555 - root - ERROR - Error while processing the base URL: Stealth.__init__() takes 1 positional argument but 2 were given
2025-06-25 22:09:58,555 - root - INFO - Retrying... Attempt 2 of 2
2025-06-25 22:09:58,555 - root - ERROR - Failed to retrieve total number of pages after multiple attempts
2025-06-25 22:09:58,555 - root - ERROR - Could not determine total pages for job: data scientist
2025-06-25 22:09:58,555 - root - INFO - Generated URL: https://www.welcometothejungle.com/fr/jobs?query=data%20analyst&page=1&aroundQuery=worldwide
2025-06-25 22:14:12,549 - root - INFO - Generated URL: https://www.welcometothejungle.com/fr/jobs?query=data%20architect&page=1&aroundQuery=worldwide
2025-06-25 22:14:13,097 - root - ERROR - Error while processing the base URL: 'Stealth' object has no attribute 'apply'
2025-06-25 22:14:13,097 - root - INFO - Retrying... Attempt 1 of 2
2025-06-25 22:14:13,645 - root - ERROR - Error while processing the base URL: 'Stealth' object has no attribute 'apply'
2025-06-25 22:14:13,646 - root - INFO - Retrying... Attempt 2 of 2
2025-06-25 22:14:13,646 - root - ERROR - Failed to retrieve total number of pages after multiple attempts
2025-06-25 22:14:13,646 - root - ERROR - Could not determine total pages for job: data architect
2025-06-25 22:14:13,646 - root - INFO - Generated URL: https://www.welcometothejungle.com/fr/jobs?query=data%20engineer&page=1&aroundQuery=worldwide
2025-06-25 22:14:14,197 - root - ERROR - Error while processing the base URL: 'Stealth' object has no attribute 'apply'
2025-06-25 22:14:14,197 - root - INFO - Retrying... Attempt 1 of 2
2025-06-25 22:14:14,751 - root - ERROR - Error while processing the base URL: 'Stealth' object has no attribute 'apply'
2025-06-25 22:14:14,751 - root - INFO - Retrying... Attempt 2 of 2
2025-06-25 22:14:14,751 - root - ERROR - Failed to retrieve total number of pages after multiple attempts
2025-06-25 22:14:14,751 - root - ERROR - Could not determine total pages for job: data engineer
2025-06-25 22:14:14,751 - root - INFO - Generated URL: https://www.welcometothejungle.com/fr/jobs?query=data%20scientist&page=1&aroundQuery=worldwide
2025-06-25 22:14:15,297 - root - ERROR - Error while processing the base URL: 'Stealth' object has no attribute 'apply'
2025-06-25 22:14:15,297 - root - INFO - Retrying... Attempt 1 of 2
2025-06-25 22:14:15,846 - root - ERROR - Error while processing the base URL: 'Stealth' object has no attribute 'apply'
2025-06-25 22:14:15,847 - root - INFO - Retrying... Attempt 2 of 2
2025-06-25 22:14:15,847 - root - ERROR - Failed to retrieve total number of pages after multiple attempts
2025-06-25 22:14:15,847 - root - ERROR - Could not determine total pages for job: data scientist
2025-06-25 22:14:15,847 - root - INFO - Generated URL: https://www.welcometothejungle.com/fr/jobs?query=data%20analyst&page=1&aroundQuery=worldwide
2025-06-25 22:14:16,401 - root - ERROR - Error while processing the base URL: 'Stealth' object has no attribute 'apply'
2025-06-25 22:14:16,402 - root - INFO - Retrying... Attempt 1 of 2
2025-06-25 22:14:16,969 - root - ERROR - Error while processing the base URL: 'Stealth' object has no attribute 'apply'
2025-06-25 22:14:16,970 - root - INFO - Retrying... Attempt 2 of 2
2025-06-25 22:14:16,970 - root - ERROR - Failed to retrieve total number of pages after multiple attempts
2025-06-25 22:14:16,970 - root - ERROR - Could not determine total pages for job: data analyst
2025-06-25 22:14:16,970 - root - INFO - Generated URL: https://www.welcometothejungle.com/fr/jobs?query=data%20manager&page=1&aroundQuery=worldwide
2025-06-25 22:14:17,501 - root - ERROR - Error while processing the base URL: 'Stealth' object has no attribute 'apply'
2025-06-25 22:14:17,502 - root - INFO - Retrying... Attempt 1 of 2
2025-06-25 22:14:18,027 - root - ERROR - Error while processing the base URL: 'Stealth' object has no attribute 'apply'
2025-06-25 22:14:18,028 - root - INFO - Retrying... Attempt 2 of 2
2025-06-25 22:14:18,028 - root - ERROR - Failed to retrieve total number of pages after multiple attempts
2025-06-25 22:14:18,028 - root - ERROR - Could not determine total pages for job: data manager
2025-06-25 22:14:18,028 - root - INFO - Generated URL: https://www.welcometothejungle.com/fr/jobs?query=software%20engineer&page=1&aroundQuery=worldwide
2025-06-25 22:14:18,563 - root - ERROR - Error while processing the base URL: 'Stealth' object has no attribute 'apply'
2025-06-25 22:14:18,563 - root - INFO - Retrying... Attempt 1 of 2
2025-06-25 22:14:19,096 - root - ERROR - Error while processing the base URL: 'Stealth' object has no attribute 'apply'
2025-06-25 22:14:19,097 - root - INFO - Retrying... Attempt 2 of 2
2025-06-25 22:14:19,097 - root - ERROR - Failed to retrieve total number of pages after multiple attempts
2025-06-25 22:14:19,097 - root - ERROR - Could not determine total pages for job: software engineer
2025-06-25 22:14:19,097 - root - INFO - Generated URL: https://www.welcometothejungle.com/fr/jobs?query=Machine%20Learning%20Engineer&page=1&aroundQuery=worldwide
2025-06-25 22:14:19,653 - root - ERROR - Error while processing the base URL: 'Stealth' object has no attribute 'apply'
2025-06-25 22:14:19,654 - root - INFO - Retrying... Attempt 1 of 2
2025-06-25 22:14:20,226 - root - ERROR - Error while processing the base URL: 'Stealth' object has no attribute 'apply'
2025-06-25 22:14:20,227 - root - INFO - Retrying... Attempt 2 of 2
2025-06-25 22:14:20,227 - root - ERROR - Failed to retrieve total number of pages after multiple attempts
2025-06-25 22:14:20,227 - root - ERROR - Could not determine total pages for job: Machine Learning Engineer
2025-06-25 22:14:20,227 - root - INFO - Generated URL: https://www.welcometothejungle.com/fr/jobs?query=cloud%20architect&page=1&aroundQuery=worldwide
2025-06-25 22:14:20,799 - root - ERROR - Error while processing the base URL: 'Stealth' object has no attribute 'apply'
2025-06-25 22:14:20,799 - root - INFO - Retrying... Attempt 1 of 2
2025-06-25 22:14:21,338 - root - ERROR - Error while processing the base URL: 'Stealth' object has no attribute 'apply'
2025-06-25 22:14:21,338 - root - INFO - Retrying... Attempt 2 of 2
2025-06-25 22:14:21,338 - root - ERROR - Failed to retrieve total number of pages after multiple attempts
2025-06-25 22:14:21,338 - root - ERROR - Could not determine total pages for job: cloud architect
2025-06-25 22:14:21,338 - root - INFO - Generated URL: https://www.welcometothejungle.com/fr/jobs?query=solution%20architect&page=1&aroundQuery=worldwide
2025-06-25 22:14:21,875 - root - ERROR - Error while processing the base URL: 'Stealth' object has no attribute 'apply'
2025-06-25 22:14:21,875 - root - INFO - Retrying... Attempt 1 of 2
2025-06-25 22:14:22,410 - root - ERROR - Error while processing the base URL: 'Stealth' object has no attribute 'apply'
2025-06-25 22:14:22,410 - root - INFO - Retrying... Attempt 2 of 2
2025-06-25 22:14:22,410 - root - ERROR - Failed to retrieve total number of pages after multiple attempts
2025-06-25 22:14:22,411 - root - ERROR - Could not determine total pages for job: solution architect
2025-06-25 22:14:22,411 - root - INFO - Generated URL: https://www.welcometothejungle.com/fr/jobs?query=cloud%20engineer&page=1&aroundQuery=worldwide
2025-06-25 22:17:28,680 - root - INFO - Generated URL: https://www.welcometothejungle.com/fr/jobs?query=data%20architect&page=1&aroundQuery=worldwide
2025-06-25 22:17:29,500 - root - ERROR - Error while processing the base URL: 'Stealth' object has no attribute 'run_as_playwright_page'
2025-06-25 22:17:29,501 - root - INFO - Retrying... Attempt 1 of 2
2025-06-25 22:17:30,060 - root - ERROR - Error while processing the base URL: 'Stealth' object has no attribute 'run_as_playwright_page'
2025-06-25 22:17:30,060 - root - INFO - Retrying... Attempt 2 of 2
2025-06-25 22:17:30,060 - root - ERROR - Failed to retrieve total number of pages after multiple attempts
2025-06-25 22:17:30,060 - root - ERROR - Could not determine total pages for job: data architect
2025-06-25 22:17:30,060 - root - INFO - Generated URL: https://www.welcometothejungle.com/fr/jobs?query=data%20engineer&page=1&aroundQuery=worldwide
2025-06-25 22:17:30,600 - root - ERROR - Error while processing the base URL: 'Stealth' object has no attribute 'run_as_playwright_page'
2025-06-25 22:17:30,600 - root - INFO - Retrying... Attempt 1 of 2
2025-06-25 22:17:31,150 - root - ERROR - Error while processing the base URL: 'Stealth' object has no attribute 'run_as_playwright_page'
2025-06-25 22:17:31,151 - root - INFO - Retrying... Attempt 2 of 2
2025-06-25 22:17:31,151 - root - ERROR - Failed to retrieve total number of pages after multiple attempts
2025-06-25 22:17:31,151 - root - ERROR - Could not determine total pages for job: data engineer
2025-06-25 22:17:31,151 - root - INFO - Generated URL: https://www.welcometothejungle.com/fr/jobs?query=data%20scientist&page=1&aroundQuery=worldwide
2025-06-25 22:17:31,692 - root - ERROR - Error while processing the base URL: 'Stealth' object has no attribute 'run_as_playwright_page'
2025-06-25 22:17:31,693 - root - INFO - Retrying... Attempt 1 of 2
2025-06-25 22:17:32,248 - root - ERROR - Error while processing the base URL: 'Stealth' object has no attribute 'run_as_playwright_page'
2025-06-25 22:17:32,249 - root - INFO - Retrying... Attempt 2 of 2
2025-06-25 22:17:32,249 - root - ERROR - Failed to retrieve total number of pages after multiple attempts
2025-06-25 22:17:32,249 - root - ERROR - Could not determine total pages for job: data scientist
2025-06-25 22:17:32,249 - root - INFO - Generated URL: https://www.welcometothejungle.com/fr/jobs?query=data%20analyst&page=1&aroundQuery=worldwide
2025-06-25 22:17:32,783 - root - ERROR - Error while processing the base URL: 'Stealth' object has no attribute 'run_as_playwright_page'
2025-06-25 22:17:32,783 - root - INFO - Retrying... Attempt 1 of 2
2025-06-25 22:17:33,351 - root - ERROR - Error while processing the base URL: 'Stealth' object has no attribute 'run_as_playwright_page'
2025-06-25 22:17:33,351 - root - INFO - Retrying... Attempt 2 of 2
2025-06-25 22:17:33,351 - root - ERROR - Failed to retrieve total number of pages after multiple attempts
2025-06-25 22:17:33,351 - root - ERROR - Could not determine total pages for job: data analyst
2025-06-25 22:17:33,351 - root - INFO - Generated URL: https://www.welcometothejungle.com/fr/jobs?query=data%20manager&page=1&aroundQuery=worldwide
2025-06-25 22:17:33,912 - root - ERROR - Error while processing the base URL: 'Stealth' object has no attribute 'run_as_playwright_page'
2025-06-25 22:17:33,912 - root - INFO - Retrying... Attempt 1 of 2
2025-06-25 22:18:44,968 - root - INFO - Generated URL: https://www.welcometothejungle.com/fr/jobs?query=data%20architect&page=1&aroundQuery=worldwide
2025-06-25 22:18:45,522 - root - ERROR - Error while processing the base URL: 'Stealth' object has no attribute 'run_as_playwright_page'
2025-06-25 22:18:45,522 - root - INFO - Retrying... Attempt 1 of 2
2025-06-25 22:18:46,074 - root - ERROR - Error while processing the base URL: 'Stealth' object has no attribute 'run_as_playwright_page'
2025-06-25 22:18:46,074 - root - INFO - Retrying... Attempt 2 of 2
2025-06-25 22:18:46,074 - root - ERROR - Failed to retrieve total number of pages after multiple attempts
2025-06-25 22:18:46,074 - root - ERROR - Could not determine total pages for job: data architect
2025-06-25 22:18:46,074 - root - INFO - Generated URL: https://www.welcometothejungle.com/fr/jobs?query=data%20engineer&page=1&aroundQuery=worldwide
2025-06-25 22:18:46,638 - root - ERROR - Error while processing the base URL: 'Stealth' object has no attribute 'run_as_playwright_page'
2025-06-25 22:18:46,638 - root - INFO - Retrying... Attempt 1 of 2
2025-06-25 22:18:47,195 - root - ERROR - Error while processing the base URL: 'Stealth' object has no attribute 'run_as_playwright_page'
2025-06-25 22:18:47,196 - root - INFO - Retrying... Attempt 2 of 2
2025-06-25 22:18:47,196 - root - ERROR - Failed to retrieve total number of pages after multiple attempts
2025-06-25 22:18:47,196 - root - ERROR - Could not determine total pages for job: data engineer
2025-06-25 22:18:47,196 - root - INFO - Generated URL: https://www.welcometothejungle.com/fr/jobs?query=data%20scientist&page=1&aroundQuery=worldwide
2025-06-25 22:18:47,750 - root - ERROR - Error while processing the base URL: 'Stealth' object has no attribute 'run_as_playwright_page'
2025-06-25 22:18:47,750 - root - INFO - Retrying... Attempt 1 of 2
2025-06-25 22:18:48,297 - root - ERROR - Error while processing the base URL: 'Stealth' object has no attribute 'run_as_playwright_page'
2025-06-25 22:18:48,297 - root - INFO - Retrying... Attempt 2 of 2
2025-06-25 22:18:48,297 - root - ERROR - Failed to retrieve total number of pages after multiple attempts
2025-06-25 22:18:48,297 - root - ERROR - Could not determine total pages for job: data scientist
2025-06-25 22:18:48,297 - root - INFO - Generated URL: https://www.welcometothejungle.com/fr/jobs?query=data%20analyst&page=1&aroundQuery=worldwide
2025-06-25 22:18:48,890 - root - ERROR - Error while processing the base URL: 'Stealth' object has no attribute 'run_as_playwright_page'
2025-06-25 22:18:48,890 - root - INFO - Retrying... Attempt 1 of 2
2025-06-25 22:20:44,922 - root - INFO - Generated URL: https://www.welcometothejungle.com/fr/jobs?query=data%20architect&page=1&aroundQuery=worldwide
2025-06-25 22:21:01,049 - root - ERROR - Timeout error while extracting total number of pages: Page.wait_for_selector: Timeout 15000ms exceeded.
Call log:
  - waiting for locator("a.sc-kVjqSu.gEPmms")

2025-06-25 22:21:01,088 - root - INFO - Retrying... Attempt 1 of 2
2025-06-25 22:21:16,982 - root - ERROR - Timeout error while extracting total number of pages: Page.wait_for_selector: Timeout 15000ms exceeded.
Call log:
  - waiting for locator("a.sc-kVjqSu.gEPmms")

2025-06-25 22:21:17,020 - root - INFO - Retrying... Attempt 2 of 2
2025-06-25 22:21:17,020 - root - ERROR - Failed to retrieve total number of pages after multiple attempts
2025-06-25 22:21:17,020 - root - ERROR - Could not determine total pages for job: data architect
2025-06-25 22:21:17,020 - root - INFO - Generated URL: https://www.welcometothejungle.com/fr/jobs?query=data%20engineer&page=1&aroundQuery=worldwide
2025-06-25 22:21:32,880 - root - ERROR - Timeout error while extracting total number of pages: Page.wait_for_selector: Timeout 15000ms exceeded.
Call log:
  - waiting for locator("a.sc-kVjqSu.gEPmms")

2025-06-25 22:21:32,915 - root - INFO - Retrying... Attempt 1 of 2
2025-06-25 22:21:48,781 - root - ERROR - Timeout error while extracting total number of pages: Page.wait_for_selector: Timeout 15000ms exceeded.
Call log:
  - waiting for locator("a.sc-kVjqSu.gEPmms")

2025-06-25 22:21:48,816 - root - INFO - Retrying... Attempt 2 of 2
2025-06-25 22:21:48,816 - root - ERROR - Failed to retrieve total number of pages after multiple attempts
2025-06-25 22:21:48,816 - root - ERROR - Could not determine total pages for job: data engineer
2025-06-25 22:21:48,816 - root - INFO - Generated URL: https://www.welcometothejungle.com/fr/jobs?query=data%20scientist&page=1&aroundQuery=worldwide
